player id,team id,player,team,posicion,Edad,appearances,minutesPlayed,rating,goals,assists,goalsAssistsSum,penaltyGoals,expectedGoals,expectedAssists,totalShots,shotsOnTarget,shotsOffTarget,bigChancesCreated,keyPasses,totalPasses,accuratePassesPercentage,successfulDribbles,tackles,interceptions,ballRecovery,clearances,blockedShots,totalDuelsWon,duelLost,wasFouled,fouls,yellowCards,redCards,ownGoals,goals_per90,assists_per90,goalsAssistsSum_per90,expectedGoals_per90,expectedAssists_per90,totalShots_per90,shotsOnTarget_per90,keyPasses_per90,successfulDribbles_per90,tackles_per90,interceptions_per90,ballRecovery_per90,totalDuelsWon_per90,wasFouled_per90,fouls_per90,yellowCards_per90,redCards_per90
139300,510606,Nikão,Guangdong GZ-Power,Delantero,34,22,1980,8.02,8,8,16,1,5.56,6.24,69,23,17,12,71,1050,85.14,31,16,7,116,8,29,155,118,77,16,2,0,0,0.36,0.36,0.73,0.25,0.28,3.14,1.05,3.23,1.41,0.73,0.32,5.27,7.05,3.5,0.73,0.09,0.0
902987,510605,Loïc Lapoussin,Guangxi Hengchen FC,Mediocampista,30,19,1689,7.93,9,7,16,0,9.89,4.71,64,25,16,6,55,1033,80.35,70,16,19,110,10,23,178,196,65,24,1,0,0,0.48,0.37,0.85,0.53,0.25,3.41,1.33,2.93,3.73,0.85,1.01,5.86,9.48,3.46,1.28,0.05,0.0
797649,382025,Giovanny,Yanbian Longding,Delantero,28,18,1604,7.78,14,2,16,3,7.81,1.63,56,27,17,2,17,532,78.38,36,6,5,51,9,12,102,91,42,7,3,0,0,0.79,0.11,0.9,0.44,0.09,3.14,1.51,0.95,2.02,0.34,0.28,2.86,5.72,2.36,0.39,0.17,0.0
1564503,382025,Joaquim Domingos,Yanbian Longding,Mediocampista,26,21,1890,7.78,4,9,13,0,0.7,3.3,17,8,7,6,45,1004,79.58,19,39,17,149,29,2,219,146,136,54,9,0,0,0.19,0.43,0.62,0.03,0.16,0.81,0.38,2.14,0.9,1.86,0.81,7.1,10.43,6.48,2.57,0.43,0.0
114442,510603,Rade Dugalić,Shenzhen Juniors FC,Defensor,33,18,1620,7.68,6,1,7,0,2.1,0.52,30,10,14,0,5,1194,84.17,3,27,36,132,123,6,113,76,7,31,5,0,0,0.33,0.06,0.39,0.12,0.03,1.67,0.56,0.28,0.17,1.5,2.0,7.33,6.28,0.39,1.72,0.28,0.0
860148,510602,Daleho Irandust,Shaanxi Union FC,Mediocampista,28,20,1778,7.53,8,6,14,1,5.59,4.98,55,19,26,11,54,684,80.41,18,24,7,91,5,10,106,109,49,31,2,0,0,0.4,0.3,0.71,0.28,0.25,2.78,0.96,2.73,0.91,1.21,0.35,4.61,5.37,2.48,1.57,0.1,0.0
886916,34694,Juan Camilo Salazar,Changchun Yatai,Delantero,29,18,1355,7.52,10,4,14,0,6.17,2.58,50,25,13,3,23,463,74.3,28,13,4,65,4,12,86,106,35,29,3,0,0,0.66,0.27,0.93,0.41,0.17,3.32,1.66,1.53,1.86,0.86,0.27,4.32,5.71,2.32,1.93,0.2,0.0
836606,510605,Rati Ardazashvili,Guangxi Hengchen FC,Mediocampista,28,18,1262,7.45,5,6,11,1,4.92,3.25,48,14,15,7,36,584,82.88,54,3,7,69,3,19,117,120,33,23,4,0,0,0.36,0.43,0.78,0.35,0.23,3.42,1.0,2.57,3.85,0.21,0.5,4.92,8.34,2.35,1.64,0.29,0.0
870665,196341,Erikys,Jiangxi Dingnan United,Delantero,31,19,1710,7.36,13,1,14,3,9.35,0.88,62,30,25,1,15,309,77.99,15,3,6,33,14,7,110,121,56,20,4,0,0,0.68,0.05,0.74,0.49,0.05,3.26,1.58,0.79,0.79,0.16,0.32,1.74,5.79,2.95,1.05,0.21,0.0
136169,34694,Ohi Omoijuanfo,Changchun Yatai,Delantero,32,20,1755,7.33,8,10,18,1,6.5,3.93,52,19,24,11,29,566,78.98,22,6,2,55,20,9,121,156,35,34,1,0,0,0.41,0.51,0.92,0.33,0.2,2.67,0.97,1.49,1.13,0.31,0.1,2.82,6.21,1.79,1.74,0.05,0.0
1092323,251278,Efmamjjasond González,Nantong Zhiyun,Delantero,27,9,699,7.29,7,1,8,2,5.39,0.42,36,15,11,0,6,104,62.5,8,1,0,18,11,10,43,50,21,19,1,0,0,0.9,0.13,1.03,0.69,0.05,4.64,1.93,0.77,1.03,0.13,0.0,2.32,5.54,2.7,2.45,0.13,0.0
850947,510603,Haoran Zhong,Shenzhen Juniors FC,Mediocampista,31,13,1084,7.28,0,2,2,0,0.83,0.55,11,3,3,0,7,716,86.73,2,18,24,88,12,5,55,62,23,23,5,0,0,0.0,0.17,0.17,0.07,0.05,0.91,0.25,0.58,0.17,1.49,1.99,7.31,4.57,1.91,1.91,0.42,0.0
845077,510603,Rodrigo Henrique,Shenzhen Juniors FC,Mediocampista,33,18,1546,7.28,5,2,7,1,3.98,3.23,40,13,15,1,20,591,79.19,54,8,5,61,9,12,146,172,60,28,6,0,0,0.29,0.12,0.41,0.23,0.19,2.33,0.76,1.16,3.14,0.47,0.29,3.55,8.5,3.49,1.63,0.35,0.0
846830,196341,Shi Tang,Jiangxi Dingnan United,Mediocampista,31,16,1206,7.27,4,4,8,0,1.94,2.47,26,11,11,1,22,387,73.64,7,7,8,57,10,4,36,47,14,9,1,1,0,0.3,0.3,0.6,0.14,0.18,1.94,0.82,1.64,0.52,0.52,0.6,4.25,2.69,1.04,0.67,0.07,0.07
945971,510602,Rayan El Azrak,Shaanxi Union FC,Mediocampista,27,19,1496,7.26,5,3,8,1,2.73,2.14,32,11,6,3,26,526,85.55,29,11,3,62,14,15,75,58,23,10,2,0,0,0.3,0.18,0.48,0.16,0.13,1.93,0.66,1.56,1.74,0.66,0.18,3.73,4.51,1.38,0.6,0.12,0.0
850756,382024,Higor  Vidal,Shijiazhuang Gongfu,Delantero,29,14,1059,7.23,3,4,7,0,1.32,1.38,18,6,8,5,26,418,77.51,8,10,10,64,4,4,67,61,39,13,1,0,0,0.25,0.34,0.59,0.11,0.12,1.53,0.51,2.21,0.68,0.85,0.85,5.44,5.69,3.31,1.1,0.08,0.0
294633,510603,Arnold Garita,Shenzhen Juniors FC,Delantero,31,13,1009,7.22,11,0,11,2,10.42,0.86,43,26,15,1,9,152,73.03,10,0,2,16,13,2,51,86,13,29,3,1,0,0.98,0.0,0.98,0.93,0.08,3.84,2.32,0.8,0.89,0.0,0.18,1.43,4.55,1.16,2.59,0.27,0.09
1991621,382020,Rui Tang,Wuxi Wugou,Mediocampista,21,20,1653,7.21,7,3,10,0,3.74,4.3,45,18,15,4,20,387,77.52,46,25,7,72,5,12,151,172,61,51,3,0,0,0.38,0.16,0.54,0.2,0.23,2.45,0.98,1.09,2.5,1.36,0.38,3.92,8.22,3.32,2.78,0.16,0.0
1171319,382020,Gou Junchen,Wuxi Wugou,Defensor,36,11,837,7.2,1,0,1,0,0.47,0.07,9,2,5,0,1,441,85.94,0,4,10,77,68,2,52,46,7,12,1,1,0,0.11,0.0,0.11,0.05,0.01,0.97,0.22,0.11,0.0,0.43,1.08,8.28,5.59,0.75,1.29,0.11,0.11
1940082,510605,Bokai  Shen,Guangxi Hengchen FC,Portero,28,2,180,7.2,0,0,0,0,0.0,0.0,0,0,0,0,0,50,88.0,0,0,4,15,1,0,1,0,0,0,0,0,0,0.0,0.0,0.0,0.0,0.0,0.0,0.0,0.0,0.0,0.0,2.0,7.5,0.5,0.0,0.0,0.0,0.0
1171323,221238,Naldo,Ningbo FC,Delantero,33,20,1685,7.19,9,1,10,4,8.09,1.52,55,29,12,4,20,390,58.46,43,12,3,68,19,14,197,234,97,35,1,0,0,0.48,0.05,0.53,0.43,0.08,2.94,1.55,1.07,2.3,0.64,0.16,3.63,10.52,5.18,1.87,0.05,0.0
965941,215186,Vinni Triboulet,Meizhou Hakka,Delantero,27,20,1797,7.18,10,0,10,2,7.5,1.47,45,22,14,1,17,387,77.52,47,11,17,73,12,9,148,204,56,26,2,0,0,0.5,0.0,0.5,0.38,0.07,2.25,1.1,0.85,2.35,0.55,0.85,3.66,7.41,2.8,1.3,0.1,0.0
2074420,382025,Jiahao Kou,Yanbian Longding,Portero,27,7,630,7.16,0,0,0,0,0.0,0.0,0,0,0,0,0,68,80.88,0,0,4,28,3,0,9,1,4,0,0,0,0,0.0,0.0,0.0,0.0,0.0,0.0,0.0,0.0,0.0,0.0,0.57,4.0,1.29,0.57,0.0,0.0,0.0
335435,164044,Farley Rosa,Suzhou Dongwu,Mediocampista,32,10,834,7.15,4,1,5,0,1.68,1.27,41,17,13,2,11,292,68.84,14,6,0,42,5,11,43,69,20,10,0,0,0,0.43,0.11,0.54,0.18,0.14,4.42,1.83,1.19,1.51,0.65,0.0,4.53,4.64,2.16,1.08,0.0,0.0
1115200,510602,Lipan He,Shaanxi Union FC,Portero,25,21,1890,7.15,0,0,0,0,0.0,0.02,0,0,0,0,0,437,74.6,1,0,8,120,31,0,17,3,12,0,0,0,0,0.0,0.0,0.0,0.0,0.0,0.0,0.0,0.0,0.05,0.0,0.38,5.71,0.81,0.57,0.0,0.0,0.0
555382,510603,Jon Nouble,Shenzhen Juniors FC,Delantero,30,3,200,7.13,1,1,2,1,1.88,0.54,6,2,4,1,5,48,70.83,1,0,0,9,1,0,13,10,8,3,0,0,0,0.45,0.45,0.9,0.85,0.24,2.7,0.9,2.25,0.45,0.0,0.0,4.05,5.85,3.6,1.35,0.0,0.0
982557,508366,Gabriel Bispo,Foshan Nanshi,Mediocampista,29,12,1071,7.13,4,0,4,0,2.78,0.37,28,7,15,0,7,399,72.93,9,8,16,96,36,6,89,99,30,23,1,0,0,0.34,0.0,0.34,0.23,0.03,2.35,0.59,0.59,0.76,0.67,1.34,8.07,7.48,2.52,1.93,0.08,0.0
873389,510605,Noel Mbo,Guangxi Hengchen FC,Delantero,27,20,1672,7.12,10,3,13,0,10.28,2.06,63,30,20,5,18,217,76.5,8,5,0,25,13,13,56,107,17,26,1,0,0,0.54,0.16,0.7,0.55,0.11,3.39,1.61,0.97,0.43,0.27,0.0,1.35,3.01,0.92,1.4,0.05,0.0
798573,251278,Xin Luo,Nantong Zhiyun,Defensor,36,20,1774,7.12,2,0,2,0,1.19,0.67,24,6,9,0,6,969,82.35,4,20,15,109,65,9,101,81,38,31,4,0,0,0.1,0.0,0.1,0.06,0.03,1.22,0.3,0.3,0.2,1.01,0.76,5.53,5.12,1.93,1.57,0.2,0.0
846831,382024,Dominic Vinicius,Shijiazhuang Gongfu,Delantero,31,16,1294,7.11,4,0,4,1,4.32,0.4,46,13,18,1,12,314,78.03,10,6,8,38,29,15,170,167,39,36,2,1,0,0.28,0.0,0.28,0.3,0.03,3.2,0.9,0.83,0.7,0.42,0.56,2.64,11.82,2.71,2.5,0.14,0.07
1025276,369494,Jerome Mbekeli,Nanjing City,Mediocampista,27,19,1575,7.11,6,2,8,0,4.68,3.0,60,23,21,3,21,307,69.06,55,15,14,77,16,16,123,170,25,40,5,0,0,0.34,0.11,0.46,0.27,0.17,3.43,1.31,1.2,3.14,0.86,0.8,4.4,7.03,1.43,2.29,0.29,0.0
822559,510606,Ousmane Camara,Guangdong GZ-Power,Mediocampista,27,22,1636,7.1,6,5,11,0,7.11,2.37,53,19,24,3,20,383,80.68,44,10,5,56,5,10,115,132,34,20,1,0,0,0.33,0.28,0.61,0.39,0.13,2.92,1.05,1.1,2.42,0.55,0.28,3.08,6.33,1.87,1.1,0.06,0.0
309126,382020,Nicolás Albarracín,Wuxi Wugou,Mediocampista,33,16,1169,7.1,2,5,7,1,2.86,3.31,30,11,11,5,35,581,74.18,6,8,2,42,7,8,65,43,38,2,0,0,0,0.15,0.38,0.54,0.22,0.25,2.31,0.85,2.69,0.46,0.62,0.15,3.23,5.0,2.93,0.15,0.0,0.0
1457647,510602,Zhiwei Wei,Shaanxi Union FC,Mediocampista,21,14,1066,7.08,2,0,2,0,1.09,0.6,19,5,8,1,6,547,86.29,3,22,6,46,12,6,70,36,38,24,1,0,0,0.17,0.0,0.17,0.09,0.05,1.6,0.42,0.51,0.25,1.86,0.51,3.88,5.91,3.21,2.03,0.08,0.0
801067,251278,Aldo Kalulu,Nantong Zhiyun,Delantero,30,18,1524,7.08,5,4,9,0,3.1,3.64,30,9,16,6,30,382,76.18,16,9,9,55,3,5,50,84,17,16,5,1,0,0.3,0.24,0.53,0.18,0.21,1.77,0.53,1.77,0.94,0.53,0.53,3.25,2.95,1.0,0.94,0.3,0.06
785876,508178,Cyrille Bayala,Dalian Kuncheng City,Mediocampista,30,18,1342,7.07,3,3,6,1,4.41,2.83,34,11,20,5,24,426,69.95,30,11,9,77,12,3,115,101,37,23,2,0,0,0.2,0.2,0.4,0.3,0.19,2.28,0.74,1.61,2.01,0.74,0.6,5.16,7.71,2.48,1.54,0.13,0.0
840938,510606,Xuan Han,Guangdong GZ-Power,Defensor,31,20,1749,7.07,4,0,4,0,0.64,0.87,9,4,3,0,1,712,82.16,0,16,23,68,96,2,77,62,16,23,4,0,0,0.21,0.0,0.21,0.03,0.04,0.46,0.21,0.05,0.0,0.82,1.18,3.5,3.96,0.82,1.18,0.21,0.0
992845,510606,Chien-Ming Wang,Guangdong GZ-Power,Mediocampista,33,16,1054,7.06,2,2,4,0,0.74,1.1,14,2,7,2,16,451,74.5,7,29,19,53,23,5,61,33,16,13,3,0,0,0.17,0.17,0.34,0.06,0.09,1.2,0.17,1.37,0.6,2.48,1.62,4.53,5.21,1.37,1.11,0.26,0.0
833507,510603,Yingjie Zhao,Shenzhen Juniors FC,Mediocampista,34,20,1760,7.06,0,8,8,0,0.6,3.04,19,2,10,4,40,906,82.67,6,13,12,75,21,7,42,65,13,17,0,0,0,0.0,0.41,0.41,0.03,0.16,0.97,0.1,2.05,0.31,0.66,0.61,3.84,2.15,0.66,0.87,0.0,0.0
1510867,510603,Haoran Liu,Shenzhen Juniors FC,Portero,21,9,810,7.04,0,0,0,0,,0.03,0,0,0,0,0,195,79.49,0,1,0,65,8,0,6,0,3,0,0,0,0,0.0,0.0,0.0,,0.0,0.0,0.0,0.0,0.0,0.11,0.0,7.22,0.67,0.33,0.0,0.0,0.0
840118,251278,Lucas Kal,Nantong Zhiyun,Mediocampista,30,21,1881,7.04,2,1,3,0,1.06,0.67,22,3,10,1,11,1012,82.41,11,11,17,117,59,9,64,77,9,17,1,0,0,0.1,0.05,0.14,0.05,0.03,1.05,0.14,0.53,0.53,0.53,0.81,5.6,3.06,0.43,0.81,0.05,0.0
833255,510602,Astrit Selmani,Shaanxi Union FC,Delantero,29,19,1475,7.04,5,3,8,1,5.59,1.82,42,16,14,3,16,382,74.87,24,17,10,43,9,12,96,122,36,28,2,0,0,0.31,0.18,0.49,0.34,0.11,2.56,0.98,0.98,1.46,1.04,0.61,2.62,5.86,2.2,1.71,0.12,0.0
857436,382020,Tarik Isić,Wuxi Wugou,Defensor,31,17,1530,7.03,2,1,3,0,0.9,0.68,8,2,2,0,6,810,87.28,1,21,8,97,117,4,67,60,12,26,5,0,0,0.12,0.06,0.18,0.05,0.04,0.47,0.12,0.35,0.06,1.24,0.47,5.71,3.94,0.71,1.53,0.29,0.0
791339,510603,Yuelei Cheng,Shenzhen Juniors FC,Portero,38,12,1080,7.03,0,0,0,0,0.0,0.01,0,0,0,0,0,293,80.89,0,0,0,62,10,0,2,3,2,1,1,0,0,0.0,0.0,0.0,0.0,0.0,0.0,0.0,0.0,0.0,0.0,0.0,5.17,0.17,0.17,0.08,0.08,0.0
340547,215186,Hamza Sakhi,Meizhou Hakka,Mediocampista,30,10,884,7.02,1,3,4,0,0.37,1.13,12,4,8,4,12,518,83.98,6,9,11,46,8,0,25,23,8,8,0,0,0,0.1,0.31,0.41,0.04,0.12,1.22,0.41,1.22,0.61,0.92,1.12,4.68,2.55,0.81,0.81,0.0,0.0
1046522,251278,Jia Boyan,Nantong Zhiyun,Mediocampista,22,13,644,7.02,1,1,2,0,1.1,1.73,22,5,5,2,14,172,81.98,26,2,3,26,5,12,44,42,10,4,0,0,0,0.14,0.14,0.28,0.15,0.24,3.07,0.7,1.96,3.63,0.28,0.42,3.63,6.15,1.4,0.56,0.0,0.0
257159,251278,Aleksandar Kolev,Nantong Zhiyun,Delantero,33,10,837,7.01,1,1,2,0,3.89,0.56,37,12,17,2,7,244,72.95,5,2,7,39,18,8,79,76,29,17,2,0,0,0.11,0.11,0.22,0.42,0.06,3.98,1.29,0.75,0.54,0.22,0.75,4.19,8.49,3.12,1.83,0.22,0.0
2074423,510606,Jiaqi Xiao,Guangdong GZ-Power,Portero,21,22,1980,7.0,0,0,0,0,0.0,0.03,0,0,0,1,1,420,66.9,0,2,10,134,18,0,14,2,10,0,1,0,0,0.0,0.0,0.0,0.0,0.0,0.0,0.0,0.05,0.0,0.09,0.45,6.09,0.64,0.45,0.0,0.05,0.0
833766,510606,Liao Junjian,Guangdong GZ-Power,Defensor,32,20,1781,7.0,1,1,2,0,0.78,0.49,5,1,3,0,6,878,85.65,0,8,9,85,108,1,64,55,14,19,3,0,0,0.05,0.05,0.1,0.04,0.02,0.25,0.05,0.3,0.0,0.4,0.45,4.3,3.23,0.71,0.96,0.15,0.0
1894504,369494,Menghui Yu,Nanjing City,Mediocampista,21,14,1101,6.99,1,3,4,0,1.09,2.01,18,7,6,3,20,240,75.42,20,16,8,47,7,5,67,86,17,19,2,0,0,0.08,0.25,0.33,0.09,0.16,1.47,0.57,1.63,1.63,1.31,0.65,3.84,5.48,1.39,1.55,0.16,0.0
1515511,251278,Yuanji Dai,Nantong Zhiyun,Mediocampista,20,7,582,6.99,0,2,2,0,0.2,1.32,6,2,3,2,16,223,79.82,9,6,3,20,10,1,25,11,5,4,1,0,0,0.0,0.31,0.31,0.03,0.2,0.93,0.31,2.47,1.39,0.93,0.46,3.09,3.87,0.77,0.62,0.15,0.0
1501578,510606,Haobin Wang,Guangdong GZ-Power,Mediocampista,20,14,758,6.98,0,4,4,0,0.96,2.06,22,3,9,4,12,255,72.55,22,7,14,46,22,10,46,68,5,9,0,0,0,0.0,0.47,0.47,0.11,0.24,2.61,0.36,1.42,2.61,0.83,1.66,5.46,5.46,0.59,1.07,0.0,0.0
352872,164044,Estrela,Suzhou Dongwu,Mediocampista,30,20,1743,6.98,2,1,3,0,1.65,0.92,16,6,7,1,10,844,80.92,2,23,21,116,28,3,86,109,37,22,4,0,0,0.1,0.05,0.15,0.09,0.05,0.83,0.31,0.52,0.1,1.19,1.08,5.99,4.44,1.91,1.14,0.21,0.0
815214,510603,Nok Hang Leung,Shenzhen Juniors FC,Defensor,31,18,1418,6.97,0,0,0,0,0.25,0.14,5,0,3,0,1,948,88.5,0,12,17,64,62,2,40,68,7,31,5,0,0,0.0,0.0,0.0,0.02,0.01,0.32,0.0,0.06,0.0,0.76,1.08,4.06,2.54,0.44,1.97,0.32,0.0
840939,508178,Yun Liu,Dalian Kuncheng City,Mediocampista,31,20,1270,6.97,4,2,6,0,2.18,2.77,24,11,9,3,25,296,68.58,16,13,9,57,12,4,77,78,20,6,3,0,0,0.28,0.14,0.43,0.15,0.2,1.7,0.78,1.77,1.13,0.92,0.64,4.04,5.46,1.42,0.43,0.21,0.0
2114592,382024,Jingrun Li,Shijiazhuang Gongfu,Defensor,26,3,186,6.97,0,0,0,0,,0.02,0,0,0,0,0,113,84.96,0,4,2,3,9,0,8,4,1,1,0,0,0,0.0,0.0,0.0,,0.01,0.0,0.0,0.0,0.0,1.94,0.97,1.45,3.87,0.48,0.48,0.0,0.0
809352,221238,Solomon-Otabor Viv,Ningbo FC,Mediocampista,30,9,759,6.96,0,3,3,0,0.73,0.81,10,3,4,1,9,237,78.06,13,3,6,47,6,3,53,60,18,6,0,0,0,0.0,0.36,0.36,0.09,0.1,1.19,0.36,1.07,1.54,0.36,0.71,5.57,6.28,2.13,0.71,0.0,0.0
888409,510605,Zijian Zhang,Guangxi Hengchen FC,Defensor,29,9,810,6.96,0,0,0,0,0.0,0.04,0,0,0,0,1,571,87.74,0,5,13,85,33,0,33,45,2,12,4,0,0,0.0,0.0,0.0,0.0,0.0,0.0,0.0,0.11,0.0,0.56,1.44,9.44,3.67,0.22,1.33,0.44,0.0
876464,164044,Omar Bugiel,Suzhou Dongwu,Delantero,31,8,539,6.95,2,1,3,0,1.17,0.59,10,6,4,0,9,128,71.88,2,5,2,14,2,0,43,34,19,16,2,0,0,0.33,0.17,0.5,0.2,0.1,1.67,1.0,1.5,0.33,0.83,0.33,2.34,7.18,3.17,2.67,0.33,0.0
797400,382024,Yun Yang,Shijiazhuang Gongfu,Defensor,37,15,1089,6.95,1,1,2,0,0.38,0.45,4,1,2,1,5,521,88.48,1,11,15,73,46,1,37,37,6,6,2,0,0,0.08,0.08,0.17,0.03,0.04,0.33,0.08,0.41,0.08,0.91,1.24,6.03,3.06,0.5,0.5,0.17,0.0
1940090,510605,Yuan Xiucheng,Guangxi Hengchen FC,Defensor,29,20,1800,6.95,0,3,3,0,0.08,2.13,3,1,2,3,20,1123,85.22,14,27,20,131,53,0,69,97,9,29,3,0,0,0.0,0.15,0.15,0.0,0.11,0.15,0.05,1.0,0.7,1.35,1.0,6.55,3.45,0.45,1.45,0.15,0.0
583310,508366,Rodney Antwi,Foshan Nanshi,Mediocampista,30,18,1437,6.94,4,2,6,0,3.45,1.75,38,18,10,2,13,245,65.71,41,8,9,43,7,10,120,150,37,29,3,0,0,0.25,0.13,0.38,0.22,0.11,2.38,1.13,0.81,2.57,0.5,0.56,2.69,7.52,2.32,1.82,0.19,0.0
118372,508178,Nyasha Mushekwi,Dalian Kuncheng City,Delantero,39,20,1305,6.94,8,1,9,1,8.97,1.92,44,13,23,1,15,221,65.61,3,2,1,32,13,8,77,103,23,23,2,0,0,0.55,0.07,0.62,0.62,0.13,3.03,0.9,1.03,0.21,0.14,0.07,2.21,5.31,1.59,1.59,0.14,0.0
797461,251278,Mingfei Hu,Nantong Zhiyun,Defensor,33,10,720,6.94,2,0,2,0,1.55,0.17,5,3,1,0,2,342,90.94,2,4,6,39,30,1,22,26,3,7,3,0,0,0.25,0.0,0.25,0.19,0.02,0.62,0.38,0.25,0.25,0.5,0.75,4.88,2.75,0.38,0.88,0.38,0.0
796366,215186,Patrick Popescu,Meizhou Hakka,Mediocampista,29,8,427,6.94,1,1,2,1,1.91,1.32,7,2,4,1,9,128,76.56,3,6,5,18,3,1,15,28,8,7,2,0,0,0.21,0.21,0.42,0.4,0.28,1.48,0.42,1.9,0.63,1.26,1.05,3.79,3.16,1.69,1.48,0.42,0.0
1215849,510605,Huajun Zhang,Guangxi Hengchen FC,Mediocampista,23,8,286,6.94,0,0,0,0,0.18,0.86,4,0,3,0,6,96,81.25,9,2,2,12,4,1,18,26,3,3,0,0,0,0.0,0.0,0.0,0.06,0.27,1.26,0.0,1.89,2.83,0.63,0.63,3.78,5.66,0.94,0.94,0.0,0.0
1386188,382020,Nino Noordanus,Wuxi Wugou,Delantero,25,20,1641,6.94,9,2,11,0,5.55,0.88,46,22,10,2,18,365,72.88,21,6,3,39,9,14,81,129,30,22,1,0,0,0.49,0.11,0.6,0.3,0.05,2.52,1.21,0.99,1.15,0.33,0.16,2.14,4.44,1.65,1.21,0.05,0.0
1459377,510606,Yang Hao,Guangdong GZ-Power,Mediocampista,22,19,1130,6.93,0,4,4,0,1.1,2.68,18,5,4,5,16,329,78.72,36,18,6,61,10,9,84,101,19,19,2,0,0,0.0,0.32,0.32,0.09,0.21,1.43,0.4,1.27,2.87,1.43,0.48,4.86,6.69,1.51,1.51,0.16,0.0
833752,251278,Guanxi Li,Nantong Zhiyun,Portero,27,19,1702,6.93,0,0,0,0,0.0,0.01,0,0,0,0,0,322,65.53,1,0,4,132,18,0,6,2,2,1,2,0,0,0.0,0.0,0.0,0.0,0.0,0.0,0.0,0.0,0.05,0.0,0.21,6.98,0.32,0.11,0.05,0.11,0.0
797506,510606,Jihong Jiang,Guangdong GZ-Power,Defensor,36,10,542,6.93,0,0,0,0,0.34,0.39,2,1,1,0,3,300,82.0,1,0,13,63,28,0,25,31,3,9,1,0,0,0.0,0.0,0.0,0.06,0.06,0.33,0.17,0.5,0.17,0.0,2.16,10.46,4.15,0.5,1.49,0.17,0.0
976820,382025,Zhenfei Huang,Yanbian Longding,Delantero,27,21,1872,6.93,6,3,9,0,5.17,1.28,35,13,11,3,12,370,72.97,19,6,9,48,16,11,104,139,45,37,5,0,1,0.29,0.14,0.43,0.25,0.06,1.68,0.62,0.58,0.91,0.29,0.43,2.31,5.0,2.16,1.78,0.24,0.0
840650,508178,Ming’an Cui,Dalian Kuncheng City,Mediocampista,31,21,848,6.93,2,0,2,0,1.77,1.39,9,4,3,2,17,360,75.83,2,13,5,37,6,2,36,29,5,10,0,0,0,0.21,0.0,0.21,0.19,0.15,0.96,0.42,1.8,0.21,1.38,0.53,3.93,3.82,0.53,1.06,0.0,0.0
1114872,508366,Zhang Xingbo,Foshan Nanshi,Mediocampista,32,21,1778,6.93,0,4,4,0,0.4,2.42,16,1,8,3,21,807,79.06,6,13,20,117,31,7,121,121,70,39,2,0,0,0.0,0.2,0.2,0.02,0.12,0.81,0.05,1.06,0.3,0.66,1.01,5.92,6.12,3.54,1.97,0.1,0.0
928461,382020,Jiahao Lin,Wuxi Wugou,Defensor,28,16,1128,6.93,0,0,0,0,0.13,0.04,2,0,2,0,0,468,85.68,0,19,9,55,93,0,49,32,12,14,3,0,0,0.0,0.0,0.0,0.01,0.0,0.16,0.0,0.0,0.0,1.52,0.72,4.39,3.91,0.96,1.12,0.24,0.0
1018722,196341,Daciel Santos,Jiangxi Dingnan United,Defensor,29,22,1980,6.92,3,3,6,0,2.95,1.01,18,9,8,3,7,1026,85.09,2,23,36,94,117,1,123,94,35,27,1,0,0,0.14,0.14,0.27,0.13,0.05,0.82,0.41,0.32,0.09,1.05,1.64,4.27,5.59,1.59,1.23,0.05,0.0
1867622,251278,Yifei An,Nantong Zhiyun,Mediocampista,28,20,1681,6.92,3,1,4,0,2.83,2.07,21,6,8,4,16,596,82.72,18,22,16,82,17,7,77,99,18,37,5,0,0,0.16,0.05,0.21,0.15,0.11,1.12,0.32,0.86,0.96,1.18,0.86,4.39,4.12,0.96,1.98,0.27,0.0
873903,382024,Junliang Ma,Shijiazhuang Gongfu,Mediocampista,28,9,316,6.91,1,1,2,0,0.42,0.51,4,2,1,1,2,90,78.89,2,5,2,15,1,1,17,17,8,4,0,0,0,0.28,0.28,0.57,0.12,0.15,1.14,0.57,0.57,0.57,1.42,0.57,4.27,4.84,2.28,1.14,0.0,0.0
2115510,510606,Shenghao Huang,Guangdong GZ-Power,Mediocampista,19,9,488,6.91,1,0,1,0,0.56,0.19,3,2,1,0,0,212,84.43,1,14,11,31,9,0,24,25,3,13,1,0,0,0.18,0.0,0.18,0.1,0.04,0.55,0.37,0.0,0.18,2.58,2.03,5.72,4.43,0.55,2.4,0.18,0.0
1114865,382020,Ahmat Tursunjan,Wuxi Wugou,Mediocampista,26,20,1673,6.91,0,1,1,0,0.69,0.61,18,1,12,2,13,958,84.24,5,30,29,142,33,5,89,124,18,32,3,0,0,0.0,0.05,0.05,0.04,0.03,0.97,0.05,0.7,0.27,1.61,1.56,7.64,4.79,0.97,1.72,0.16,0.0
1631373,510606,Xiao Kun,Guangdong GZ-Power,Mediocampista,31,22,1222,6.9,1,1,2,0,0.47,0.75,10,3,4,1,9,531,79.66,4,23,21,99,35,3,78,69,21,26,3,0,0,0.07,0.07,0.15,0.03,0.06,0.74,0.22,0.66,0.29,1.69,1.55,7.29,5.74,1.55,1.91,0.22,0.0
872217,510603,Yuanjie Su,Shenzhen Juniors FC,Defensor,31,8,615,6.9,1,0,1,0,0.11,0.33,3,2,0,0,3,326,86.81,4,4,15,50,21,1,24,39,5,10,3,0,0,0.15,0.0,0.15,0.02,0.05,0.44,0.29,0.44,0.59,0.59,2.2,7.32,3.51,0.73,1.46,0.44,0.0
866440,510602,Sheng Ma,Shaanxi Union FC,Defensor,29,20,1590,6.9,0,1,1,0,0.27,0.25,5,2,3,0,3,1007,87.29,3,15,17,89,84,0,50,38,6,14,2,1,0,0.0,0.06,0.06,0.02,0.01,0.28,0.11,0.17,0.17,0.85,0.96,5.04,2.83,0.34,0.79,0.11,0.06
815891,369494,Bruno Baio,Nanjing City,Delantero,30,4,303,6.9,0,1,1,0,0.24,0.4,6,0,6,1,6,77,67.53,0,2,0,7,4,0,31,22,7,7,2,0,0,0.0,0.3,0.3,0.07,0.12,1.78,0.0,1.78,0.0,0.59,0.0,2.08,9.21,2.08,2.08,0.59,0.0
2114566,510602,Wen Zhong,Shaanxi Union FC,Mediocampista,21,6,462,6.9,0,0,0,0,0.78,0.07,10,2,1,0,2,130,82.31,16,2,5,22,3,7,45,50,16,6,1,0,0,0.0,0.0,0.0,0.15,0.01,1.95,0.39,0.39,3.12,0.39,0.97,4.29,8.77,3.12,1.17,0.19,0.0
797609,221238,Xiang Lin,Ningbo FC,Portero,34,17,1530,6.9,0,0,0,0,0.0,0.02,0,0,0,0,1,347,54.76,0,0,1,102,16,0,10,5,6,0,0,0,0,0.0,0.0,0.0,0.0,0.0,0.0,0.0,0.06,0.0,0.0,0.06,6.0,0.59,0.35,0.0,0.0,0.0
797500,510602,Haolun Mi,Shaanxi Union FC,Defensor,33,16,1076,6.89,0,3,3,0,0.31,0.97,5,1,1,1,17,615,83.09,4,13,8,56,30,3,35,56,4,12,1,0,0,0.0,0.25,0.25,0.03,0.08,0.42,0.08,1.42,0.33,1.09,0.67,4.68,2.93,0.33,1.0,0.08,0.0
990830,382024,Li Xuebo,Shijiazhuang Gongfu,Portero,26,13,1170,6.89,0,0,0,0,0.0,0.0,0,0,0,0,0,229,73.8,0,0,4,67,16,0,8,1,6,0,0,0,0,0.0,0.0,0.0,0.0,0.0,0.0,0.0,0.0,0.0,0.0,0.31,5.15,0.62,0.46,0.0,0.0,0.0
279551,510606,Alexandru Tudorie,Guangdong GZ-Power,Delantero,30,12,1047,6.89,7,2,9,1,7.09,0.17,31,15,13,0,5,190,74.74,3,2,5,33,13,3,50,103,7,28,0,0,0,0.6,0.17,0.77,0.61,0.01,2.66,1.29,0.43,0.26,0.17,0.43,2.84,4.3,0.6,2.41,0.0,0.0
1083852,508366,Mame Ndiaye,Foshan Nanshi,Delantero,29,21,1731,6.89,4,2,6,0,7.64,1.53,38,18,16,2,16,372,69.62,21,3,6,38,15,4,141,142,48,24,0,0,0,0.21,0.1,0.31,0.4,0.08,1.98,0.94,0.83,1.09,0.16,0.31,1.98,7.33,2.5,1.25,0.0,0.0
874080,382020,Xiaofan Xie,Wuxi Wugou,Defensor,28,11,825,6.89,0,1,1,0,0.08,0.26,3,0,2,0,4,330,75.76,7,3,12,58,21,1,36,41,7,0,0,0,0,0.0,0.11,0.11,0.01,0.03,0.33,0.0,0.44,0.76,0.33,1.31,6.33,3.93,0.76,0.0,0.0,0.0
2115546,382020,Qeyser Tursun,Wuxi Wugou,Mediocampista,25,9,412,6.89,0,1,1,0,0.05,0.56,4,1,2,0,10,178,77.53,6,0,8,19,0,1,20,35,9,5,1,0,0,0.0,0.22,0.22,0.01,0.12,0.87,0.22,2.18,1.31,0.0,1.75,4.15,4.37,1.97,1.09,0.22,0.0
878512,34694,Constantin Reiner,Changchun Yatai,Defensor,29,15,1350,6.89,1,1,2,0,1.22,0.14,11,4,5,2,4,677,89.22,0,11,24,120,74,2,63,67,8,18,2,0,0,0.07,0.07,0.13,0.08,0.01,0.73,0.27,0.27,0.0,0.73,1.6,8.0,4.2,0.53,1.2,0.13,0.0
928330,221238,Lingfeng Zhang,Ningbo FC,Mediocampista,29,13,763,6.88,0,0,0,0,0.49,1.4,6,2,2,0,13,303,80.2,5,7,9,29,5,2,21,18,7,5,0,0,0,0.0,0.0,0.0,0.06,0.17,0.71,0.24,1.53,0.59,0.83,1.06,3.42,2.48,0.83,0.59,0.0,0.0
1019462,369494,Robertinho,Nanjing City,Mediocampista,30,12,871,6.88,1,0,1,0,0.89,0.12,15,3,9,0,6,362,86.74,11,6,8,81,18,3,56,74,14,18,2,0,0,0.1,0.0,0.1,0.09,0.01,1.55,0.31,0.62,1.14,0.62,0.83,8.37,5.79,1.45,1.86,0.21,0.0
832654,164044,Yu Liu,Suzhou Dongwu,Portero,31,19,1710,6.88,0,0,0,0,0.0,0.03,0,0,0,0,1,371,57.95,0,0,8,117,26,0,10,0,7,0,0,0,0,0.0,0.0,0.0,0.0,0.0,0.0,0.0,0.05,0.0,0.0,0.42,6.16,0.53,0.37,0.0,0.0,0.0
824977,382024,Chen Hao-Wei,Shijiazhuang Gongfu,Mediocampista,34,4,205,6.88,0,0,0,0,0.07,0.09,3,0,3,0,2,55,70.91,10,0,1,10,2,0,16,18,3,4,1,0,0,0.0,0.0,0.0,0.03,0.04,1.32,0.0,0.88,4.39,0.0,0.44,4.39,7.02,1.32,1.76,0.44,0.0
1878156,510605,Chaolun Wei,Guangxi Hengchen FC,Mediocampista,26,10,696,6.87,0,1,1,0,0.35,0.53,9,2,3,0,6,495,85.86,0,17,8,40,3,4,36,46,11,27,2,1,0,0.0,0.13,0.13,0.05,0.07,1.16,0.26,0.78,0.0,2.2,1.03,5.17,4.66,1.42,3.49,0.26,0.13
1121228,382020,Xianlong Yi,Wuxi Wugou,Mediocampista,25,19,1096,6.87,5,1,6,0,4.21,1.21,28,12,6,1,10,334,81.44,13,17,6,34,7,10,67,74,33,17,2,0,0,0.41,0.08,0.49,0.35,0.1,2.3,0.99,0.82,1.07,1.4,0.49,2.79,5.5,2.71,1.4,0.16,0.0
992711,508178,Wu Yen-shu,Dalian Kuncheng City,Mediocampista,26,21,1712,6.87,0,2,2,0,0.54,1.64,16,4,9,5,18,531,77.4,15,18,15,90,19,3,66,76,19,20,0,0,0,0.0,0.11,0.11,0.03,0.09,0.84,0.21,0.95,0.79,0.95,0.79,4.73,3.47,1.0,1.05,0.0,0.0
2283211,196341,Yuanming Xiao,Jiangxi Dingnan United,Portero,20,6,473,6.87,0,0,0,0,,0.01,0,0,0,0,0,130,63.85,0,0,0,48,12,0,10,1,9,1,0,1,0,0.0,0.0,0.0,,0.0,0.0,0.0,0.0,0.0,0.0,0.0,9.13,1.9,1.71,0.19,0.0,0.19
1461334,382020,Yunyi Zhou,Wuxi Wugou,Mediocampista,25,18,1208,6.86,2,4,6,0,1.25,0.65,14,2,8,1,16,516,86.24,7,20,10,65,10,4,72,78,26,29,1,0,0,0.15,0.3,0.45,0.09,0.05,1.04,0.15,1.19,0.52,1.49,0.75,4.84,5.36,1.94,2.16,0.07,0.0
1867514,369494,Chao Yang,Nanjing City,Portero,33,14,1260,6.86,0,0,0,0,0.0,0.01,0,0,0,0,0,241,58.09,0,0,2,77,15,0,7,1,4,0,1,0,0,0.0,0.0,0.0,0.0,0.0,0.0,0.0,0.0,0.0,0.0,0.14,5.5,0.5,0.29,0.0,0.07,0.0
797152,510606,Xueming Liang,Guangdong GZ-Power,Mediocampista,31,12,381,6.86,2,2,4,0,1.69,0.62,9,4,4,1,5,149,77.85,7,7,0,16,3,1,20,16,5,5,3,0,0,0.47,0.47,0.94,0.4,0.15,2.13,0.94,1.18,1.65,1.65,0.0,3.78,4.72,1.18,1.18,0.71,0.0
797368,215186,Gang Feng,Meizhou Hakka,Mediocampista,33,14,1012,6.86,2,1,3,0,0.35,1.17,9,4,1,1,9,369,78.32,0,2,6,34,7,4,15,20,11,2,0,0,0,0.18,0.09,0.27,0.03,0.1,0.8,0.36,0.8,0.0,0.18,0.53,3.02,1.33,0.98,0.18,0.0,0.0
1877007,34694,Yifan Dong,Changchun Yatai,Portero,34,7,630,6.86,0,0,0,0,0.0,0.0,0,0,0,0,0,117,76.07,0,0,6,24,1,0,2,0,0,0,0,0,0,0.0,0.0,0.0,0.0,0.0,0.0,0.0,0.0,0.0,0.0,0.86,3.43,0.29,0.0,0.0,0.0,0.0
797431,382025,Taiyan Jin,Yanbian Longding,Mediocampista,37,22,1827,6.85,0,4,4,0,0.42,2.42,12,2,9,5,26,727,78.68,15,20,14,82,24,1,74,88,28,15,3,0,0,0.0,0.2,0.2,0.02,0.12,0.59,0.1,1.28,0.74,0.99,0.69,4.04,3.65,1.38,0.74,0.15,0.0
1445821,510602,Zhong Wen,Shaanxi Union FC,Mediocampista,,4,183,6.85,1,0,1,0,1.09,0.26,5,2,3,0,5,69,78.26,2,3,0,10,3,0,11,11,5,6,0,0,0,0.49,0.0,0.49,0.54,0.13,2.46,0.98,2.46,0.98,1.48,0.0,4.92,5.41,2.46,2.95,0.0,0.0
1867571,510605,Lobsang Khedrup,Guangxi Hengchen FC,Mediocampista,25,18,1090,6.85,0,2,2,0,0.3,0.48,11,4,5,1,9,533,82.55,5,30,21,108,15,2,72,72,10,16,1,0,0,0.0,0.17,0.17,0.02,0.04,0.91,0.33,0.74,0.41,2.48,1.73,8.92,5.94,0.83,1.32,0.08,0.0
928351,382025,Jizu Xu,Yanbian Longding,Defensor,28,22,1978,6.85,1,0,1,0,0.9,0.1,11,4,6,0,1,1197,85.63,1,18,31,100,159,1,72,46,15,15,2,0,1,0.05,0.0,0.05,0.04,0.0,0.5,0.18,0.05,0.05,0.82,1.41,4.55,3.28,0.68,0.68,0.09,0.0
823174,510602,Kang Cao,Shaanxi Union FC,Mediocampista,33,19,1478,6.84,1,0,1,0,0.66,0.62,10,2,6,0,4,864,88.31,0,24,24,80,41,2,65,87,7,31,3,1,0,0.06,0.0,0.06,0.04,0.04,0.61,0.12,0.24,0.0,1.46,1.46,4.87,3.96,0.43,1.89,0.18,0.06
989255,510602,Shaowen Liang,Shaanxi Union FC,Defensor,24,17,1460,6.84,0,1,1,0,0.48,0.22,6,4,2,2,3,891,85.97,1,7,11,69,72,0,47,46,13,17,4,0,0,0.0,0.06,0.06,0.03,0.01,0.37,0.25,0.18,0.06,0.43,0.68,4.25,2.9,0.8,1.05,0.25,0.0
1218096,510603,Yin Shang,Shenzhen Juniors FC,Mediocampista,37,21,1752,6.84,2,2,4,0,1.38,2.88,15,3,6,3,19,550,79.27,9,19,13,84,27,6,82,130,38,30,2,0,0,0.1,0.1,0.21,0.07,0.15,0.77,0.15,0.98,0.46,0.98,0.67,4.32,4.21,1.95,1.54,0.1,0.0
1063371,221238,Stefan Tomović,Ningbo FC,Mediocampista,24,8,570,6.84,1,0,1,0,0.94,0.64,9,4,3,0,9,215,80.93,5,5,1,22,3,2,18,25,6,4,0,0,0,0.16,0.0,0.16,0.15,0.1,1.42,0.63,1.42,0.79,0.79,0.16,3.47,2.84,0.95,0.63,0.0,0.0
1087159,510606,Yu Hou,Guangdong GZ-Power,Mediocampista,25,20,1332,6.84,2,3,5,0,1.12,1.95,15,9,3,3,20,552,84.78,3,15,15,80,12,3,51,96,10,34,2,0,0,0.14,0.2,0.34,0.08,0.13,1.01,0.61,1.35,0.2,1.01,1.01,5.41,3.45,0.68,2.3,0.14,0.0
851599,382024,Tyrone Conraad,Shijiazhuang Gongfu,Delantero,29,18,1490,6.83,5,1,6,0,4.01,2.52,32,13,7,1,22,353,74.79,27,6,5,39,17,12,70,124,21,27,4,0,0,0.3,0.06,0.36,0.24,0.15,1.93,0.79,1.33,1.63,0.36,0.3,2.36,4.23,1.27,1.63,0.24,0.0
1867643,369494,Zhen Meng,Nanjing City,Defensor,26,20,1534,6.83,1,0,1,0,0.3,0.63,10,3,4,0,5,416,75.96,8,27,29,77,51,3,91,87,31,27,3,0,0,0.06,0.0,0.06,0.02,0.04,0.59,0.18,0.29,0.47,1.58,1.7,4.52,5.34,1.82,1.58,0.18,0.0
870423,508178,Wenjie Lei,Dalian Kuncheng City,Mediocampista,29,14,583,6.83,2,0,2,0,0.73,0.21,7,2,4,0,3,119,78.15,9,7,4,36,2,1,50,51,28,17,1,0,0,0.31,0.0,0.31,0.11,0.03,1.08,0.31,0.46,1.39,1.08,0.62,5.56,7.72,4.32,2.62,0.15,0.0
941128,221238,Junchen Zhou,Ningbo FC,Mediocampista,26,10,226,6.82,2,0,2,0,0.7,0.28,3,2,1,0,4,84,71.43,4,1,2,11,1,0,12,19,6,5,2,0,0,0.8,0.0,0.8,0.28,0.11,1.19,0.8,1.59,1.59,0.4,0.8,4.38,4.78,2.39,1.99,0.8,0.0
1867627,382020,Yueqi Zhu,Wuxi Wugou,Portero,31,20,1800,6.82,0,0,0,0,0.0,0.0,0,0,0,0,1,369,72.09,0,0,7,127,20,0,3,1,3,0,1,0,0,0.0,0.0,0.0,0.0,0.0,0.0,0.0,0.05,0.0,0.0,0.35,6.35,0.15,0.15,0.0,0.05,0.0
2287592,34694,Muhamet,Changchun Yatai,Mediocampista,21,8,195,6.81,1,0,1,0,0.71,0.39,5,4,1,1,1,51,60.78,1,1,2,14,1,0,8,11,4,2,0,0,0,0.46,0.0,0.46,0.33,0.18,2.31,1.85,0.46,0.46,0.46,0.92,6.46,3.69,1.85,0.92,0.0,0.0
797414,221238,Jiajun Bai,Ningbo FC,Defensor,35,16,903,6.81,0,1,1,0,0.32,0.42,9,0,4,1,10,413,79.18,5,18,17,40,21,5,38,45,8,19,2,0,0,0.0,0.1,0.1,0.03,0.04,0.9,0.0,1.0,0.5,1.79,1.69,3.99,3.79,0.8,1.89,0.2,0.0
1457654,508178,Jianan Zhao,Dalian Kuncheng City,Defensor,22,9,732,6.81,0,1,1,0,0.98,0.42,7,2,2,0,5,204,69.61,12,3,10,58,33,3,41,55,9,14,2,0,0,0.0,0.12,0.12,0.12,0.05,0.86,0.25,0.61,1.48,0.37,1.23,7.13,5.04,1.11,1.72,0.25,0.0
1445460,164044,Yulong Wang,Suzhou Dongwu,Defensor,23,9,457,6.81,0,0,0,0,0.0,0.02,0,0,0,0,1,225,79.11,0,3,10,42,26,0,35,33,0,10,2,0,0,0.0,0.0,0.0,0.0,0.0,0.0,0.0,0.2,0.0,0.59,1.97,8.27,6.89,0.0,1.97,0.39,0.0
886360,34694,Qiang Li,Changchun Yatai,Mediocampista,28,21,1791,6.81,0,4,4,0,0.58,2.5,6,2,3,5,22,781,80.92,7,14,13,83,11,1,65,74,34,19,3,0,0,0.0,0.2,0.2,0.03,0.13,0.3,0.1,1.11,0.35,0.7,0.65,4.17,3.27,1.71,0.95,0.15,0.0
1215929,510602,Wang Shijie,Shaanxi Union FC,Mediocampista,22,13,893,6.81,3,0,3,0,0.91,0.51,11,4,3,0,12,434,84.56,6,10,5,30,5,4,23,31,6,8,0,0,0,0.3,0.0,0.3,0.09,0.05,1.11,0.4,1.21,0.6,1.01,0.5,3.02,2.32,0.6,0.81,0.0,0.0
978731,369494,Zé Vitor,Nanjing City,Delantero,27,15,1265,6.81,4,0,4,0,3.9,0.48,36,10,20,0,17,216,72.22,2,5,6,40,11,6,85,135,33,24,3,1,0,0.28,0.0,0.28,0.28,0.03,2.56,0.71,1.21,0.14,0.36,0.43,2.85,6.05,2.35,1.71,0.21,0.07
1937649,510606,Junjie Wang,Guangdong GZ-Power,Mediocampista,21,17,642,6.8,1,2,3,0,0.29,0.82,6,1,5,1,9,312,81.41,5,9,18,52,12,0,34,50,11,23,3,0,0,0.14,0.28,0.42,0.04,0.11,0.84,0.14,1.26,0.7,1.26,2.52,7.29,4.77,1.54,3.22,0.42,0.0
1867607,369494,Weli Qurban,Nanjing City,Mediocampista,20,9,444,6.8,1,0,1,0,0.74,0.33,8,3,3,0,4,103,71.84,6,12,2,14,9,2,31,29,12,9,0,0,0,0.2,0.0,0.2,0.15,0.07,1.62,0.61,0.81,1.22,2.43,0.41,2.84,6.28,2.43,1.82,0.0,0.0
1840042,164044,Mirzat Ali,Suzhou Dongwu,Delantero,21,20,1366,6.8,3,2,5,0,2.38,1.75,22,8,11,1,15,314,72.61,9,21,1,42,11,3,110,171,37,24,3,0,0,0.2,0.13,0.33,0.16,0.12,1.45,0.53,0.99,0.59,1.38,0.07,2.77,7.25,2.44,1.58,0.2,0.0
797483,221238,Yang Liu,Ningbo FC,Defensor,35,17,1418,6.79,1,0,1,0,0.11,0.21,1,1,0,0,3,694,80.69,2,8,15,66,66,0,47,38,8,3,1,0,0,0.06,0.0,0.06,0.01,0.01,0.06,0.06,0.19,0.13,0.51,0.95,4.19,2.98,0.51,0.19,0.06,0.0
1126636,196341,Marcel Petrov,Jiangxi Dingnan United,Delantero,20,14,473,6.79,4,0,4,0,2.08,0.48,13,5,2,1,5,49,71.43,6,2,0,7,2,6,26,37,13,9,0,0,0,0.76,0.0,0.76,0.4,0.09,2.47,0.95,0.95,1.14,0.38,0.0,1.33,4.95,2.47,1.71,0.0,0.0
1487553,382024,Haoyu Song,Shijiazhuang Gongfu,Defensor,24,8,705,6.79,1,1,2,0,0.55,0.28,4,2,2,1,2,217,70.97,3,11,5,21,13,0,38,32,21,17,1,0,0,0.13,0.13,0.26,0.07,0.04,0.51,0.26,0.26,0.38,1.4,0.64,2.68,4.85,2.68,2.17,0.13,0.0
1215846,251278,Wu Xingyu,Nantong Zhiyun,Defensor,26,8,420,6.79,0,1,1,0,0.16,1.01,3,1,2,5,12,138,73.91,6,10,2,18,5,0,21,17,5,5,0,0,0,0.0,0.21,0.21,0.03,0.22,0.64,0.21,2.57,1.29,2.14,0.43,3.86,4.5,1.07,1.07,0.0,0.0
1153362,34694,Xuhuang Chen,Changchun Yatai,Mediocampista,23,20,1467,6.79,2,2,4,0,0.28,1.2,10,3,5,2,11,527,80.65,12,19,10,71,20,2,67,89,15,27,1,0,0,0.12,0.12,0.25,0.02,0.07,0.61,0.18,0.67,0.74,1.17,0.61,4.36,4.11,0.92,1.66,0.06,0.0
1867613,221238,Xinlei Qi,Ningbo FC,Mediocampista,27,19,1436,6.78,0,1,1,0,0.25,0.47,5,1,1,0,6,406,79.8,3,33,20,78,23,3,81,72,25,33,3,0,0,0.0,0.06,0.06,0.02,0.03,0.31,0.06,0.38,0.19,2.07,1.25,4.89,5.08,1.57,2.07,0.19,0.0
2184411,196341,Wang Sihan,Jiangxi Dingnan United,Defensor,34,21,1833,6.78,1,1,2,0,0.83,0.82,11,5,5,1,5,1071,84.69,5,19,25,116,97,1,81,89,10,20,1,0,0,0.05,0.05,0.1,0.04,0.04,0.54,0.25,0.25,0.25,0.93,1.23,5.7,3.98,0.49,0.98,0.05,0.0
1878178,510605,Tianle Ji,Guangxi Hengchen FC,Mediocampista,21,10,277,6.78,3,0,3,0,1.9,0.3,15,6,3,0,2,111,72.07,2,0,3,17,1,6,9,27,4,4,1,0,0,0.97,0.0,0.97,0.62,0.1,4.87,1.95,0.65,0.65,0.0,0.97,5.52,2.92,1.3,1.3,0.32,0.0
1210258,508178,Tingwei Long,Dalian Kuncheng City,Mediocampista,22,20,1161,6.78,2,0,2,0,1.14,0.35,9,4,4,0,6,426,84.04,4,28,14,75,22,1,68,79,22,24,3,0,0,0.16,0.0,0.16,0.09,0.03,0.7,0.31,0.47,0.31,2.17,1.09,5.81,5.27,1.71,1.86,0.23,0.0
1940071,221238,Diran Yao,Ningbo FC,Defensor,30,19,1709,6.78,1,0,1,0,0.61,0.19,16,3,8,0,3,642,78.66,1,28,37,88,102,5,97,111,20,38,3,1,0,0.05,0.0,0.05,0.03,0.01,0.84,0.16,0.16,0.05,1.47,1.95,4.63,5.11,1.05,2.0,0.16,0.05
2501110,221238,Kaiyuan Pang,Ningbo FC,Mediocampista,20,18,1144,6.78,3,2,5,0,3.12,1.61,17,9,8,4,13,238,78.15,9,19,8,39,11,0,44,73,9,15,1,0,0,0.24,0.16,0.39,0.25,0.13,1.34,0.71,1.02,0.71,1.49,0.63,3.07,3.46,0.71,1.18,0.08,0.0
225766,508366,Miloš Deletić,Foshan Nanshi,Mediocampista,32,7,523,6.77,1,1,2,1,1.63,2.59,15,3,10,3,13,179,75.98,2,7,4,20,3,2,32,26,21,10,0,0,0,0.17,0.17,0.34,0.28,0.45,2.58,0.52,2.24,0.34,1.2,0.69,3.44,5.51,3.61,1.72,0.0,0.0
1046274,382024,Niu Ziyi,Shijiazhuang Gongfu,Defensor,26,21,1864,6.77,1,0,1,0,0.22,0.07,3,1,2,0,0,921,86.54,1,12,15,93,110,0,48,66,12,7,0,0,0,0.05,0.0,0.05,0.01,0.0,0.14,0.05,0.0,0.05,0.58,0.72,4.49,2.32,0.58,0.34,0.0,0.0
1457666,510606,Langzhou Liu,Guangdong GZ-Power,Defensor,23,14,1134,6.77,0,0,0,0,0.22,0.27,6,2,3,0,0,501,85.43,0,18,20,25,45,1,53,48,19,22,1,0,0,0.0,0.0,0.0,0.02,0.02,0.48,0.16,0.0,0.0,1.43,1.59,1.98,4.21,1.51,1.75,0.08,0.0
817894,382024,Yudong Zhang,Shijiazhuang Gongfu,Mediocampista,34,17,1387,6.77,1,0,1,0,1.09,0.62,9,2,4,1,8,575,82.96,10,22,16,75,13,3,65,62,21,23,3,0,0,0.06,0.0,0.06,0.07,0.04,0.58,0.13,0.52,0.65,1.43,1.04,4.87,4.22,1.36,1.49,0.19,0.0
1867566,382024,Kui Pan,Shijiazhuang Gongfu,Mediocampista,30,16,524,6.77,0,0,0,0,0.3,0.17,3,1,2,1,2,197,77.66,0,11,14,46,27,0,43,37,12,10,0,0,0,0.0,0.0,0.0,0.05,0.03,0.52,0.17,0.34,0.0,1.89,2.4,7.9,7.39,2.06,1.72,0.0,0.0
1215975,510605,Kangkang Ren,Guangxi Hengchen FC,Mediocampista,24,16,774,6.77,0,0,0,0,0.25,1.84,2,1,1,2,9,284,83.8,5,14,9,31,10,0,33,43,10,13,0,0,0,0.0,0.0,0.0,0.03,0.21,0.23,0.12,1.05,0.58,1.63,1.05,3.6,3.84,1.16,1.51,0.0,0.0
149073,34694,Long Tan,Changchun Yatai,Delantero,38,20,1695,6.77,9,0,9,0,5.92,0.94,33,16,11,1,9,272,76.1,6,6,4,49,12,6,61,109,24,22,5,0,0,0.48,0.0,0.48,0.31,0.05,1.75,0.85,0.48,0.32,0.32,0.21,2.6,3.24,1.27,1.17,0.27,0.0
792277,508366,Xiaotian Shi,Foshan Nanshi,Portero,36,17,1530,6.76,0,1,1,0,0.0,0.01,0,0,0,0,1,244,72.95,0,3,8,97,12,0,3,3,2,0,2,0,0,0.0,0.06,0.06,0.0,0.0,0.0,0.0,0.06,0.0,0.18,0.47,5.71,0.18,0.12,0.0,0.12,0.0
888110,510605,Haodong Luan,Guangxi Hengchen FC,Defensor,28,17,1487,6.76,0,0,0,0,0.4,0.14,7,1,3,0,0,830,88.43,0,10,9,72,76,3,50,49,9,14,3,1,0,0.0,0.0,0.0,0.02,0.01,0.42,0.06,0.0,0.0,0.61,0.54,4.36,3.03,0.54,0.85,0.18,0.06
1115991,382024,Du Zhixuan,Shijiazhuang Gongfu,Mediocampista,20,19,1540,6.76,1,0,1,0,0.25,0.26,10,2,6,0,3,536,79.66,0,15,14,89,32,2,60,70,20,29,5,0,0,0.06,0.0,0.06,0.01,0.02,0.58,0.12,0.18,0.0,0.88,0.82,5.2,3.51,1.17,1.69,0.29,0.0
2074746,196341,Chenghao Ma,Jiangxi Dingnan United,Mediocampista,20,16,1104,6.76,2,0,2,0,2.2,0.78,22,7,7,0,13,171,72.51,25,13,5,27,10,8,85,105,27,11,1,0,0,0.16,0.0,0.16,0.18,0.06,1.79,0.57,1.06,2.04,1.06,0.41,2.2,6.93,2.2,0.9,0.08,0.0
2074243,510603,Guantao Zhu,Shenzhen Juniors FC,Defensor,21,15,754,6.76,1,1,2,0,0.62,1.47,9,4,1,2,10,231,78.79,5,9,6,41,17,4,31,55,11,14,1,0,0,0.12,0.12,0.24,0.07,0.18,1.07,0.48,1.19,0.6,1.07,0.72,4.89,3.7,1.31,1.67,0.12,0.0
2114444,510605,Yibin Liang,Guangxi Hengchen FC,Mediocampista,21,18,980,6.76,2,1,3,0,2.61,1.3,23,10,7,2,15,232,78.45,12,7,2,28,6,6,34,47,17,8,1,0,0,0.18,0.09,0.28,0.24,0.12,2.11,0.92,1.38,1.1,0.64,0.18,2.57,3.12,1.56,0.73,0.09,0.0
230288,508178,Kristoffer Normann Hansen,Dalian Kuncheng City,Mediocampista,32,16,1141,6.76,4,1,5,0,3.19,1.04,33,8,17,2,9,267,68.54,20,4,15,36,9,8,62,96,16,12,0,0,0,0.32,0.08,0.39,0.25,0.08,2.6,0.63,0.71,1.58,0.32,1.18,2.84,4.89,1.26,0.95,0.0,0.0
285823,196341,Manuel Palacios,Jiangxi Dingnan United,Mediocampista,33,20,1253,6.76,1,3,4,0,1.35,1.44,24,10,7,3,24,337,73.89,33,20,8,66,4,7,99,114,13,24,1,0,0,0.07,0.22,0.29,0.1,0.1,1.72,0.72,1.72,2.37,1.44,0.57,4.74,7.11,0.93,1.72,0.07,0.0
833656,510606,Huaze  Gao,Guangdong GZ-Power,Mediocampista,28,19,728,6.74,0,2,2,0,0.31,1.57,7,1,3,1,19,319,82.13,9,10,3,31,17,3,29,35,6,11,0,0,0,0.0,0.25,0.25,0.04,0.19,0.87,0.12,2.35,1.11,1.24,0.37,3.83,3.59,0.74,1.36,0.0,0.0
1461366,369494,Zhaoyu Zhai,Nanjing City,Defensor,32,16,664,6.74,0,0,0,0,0.39,0.36,4,0,3,0,4,283,78.09,5,7,9,44,28,1,38,28,11,6,1,0,0,0.0,0.0,0.0,0.05,0.05,0.54,0.0,0.54,0.68,0.95,1.22,5.96,5.15,1.49,0.81,0.14,0.0
831670,382024,Weizhe Sun,Shijiazhuang Gongfu,Mediocampista,29,8,362,6.74,0,0,0,0,0.5,0.59,7,1,4,0,9,147,80.27,0,1,6,17,3,2,5,30,4,7,0,0,0,0.0,0.0,0.0,0.12,0.15,1.74,0.25,2.24,0.0,0.25,1.49,4.23,1.24,0.99,1.74,0.0,0.0
817832,34694,Dadi Zhou,Changchun Yatai,Mediocampista,30,19,1402,6.74,0,2,2,0,0.66,1.64,10,3,3,1,23,452,78.1,17,10,11,43,12,4,70,95,24,27,4,0,0,0.0,0.13,0.13,0.04,0.11,0.64,0.19,1.48,1.09,0.64,0.71,2.76,4.49,1.54,1.73,0.26,0.0
873231,508178,Longchang Lin,Dalian Kuncheng City,Defensor,36,11,705,6.74,0,2,2,0,0.21,0.6,3,1,2,2,4,224,78.57,1,7,8,66,45,0,42,47,11,18,3,0,0,0.0,0.26,0.26,0.03,0.08,0.38,0.13,0.51,0.13,0.89,1.02,8.43,5.36,1.4,2.3,0.38,0.0
1126916,164044,Rong Chen,Suzhou Dongwu,Mediocampista,25,19,1143,6.74,2,1,3,0,2.18,1.26,30,7,15,1,13,349,75.93,17,2,10,58,12,8,42,78,16,11,0,0,0,0.16,0.08,0.24,0.17,0.1,2.36,0.55,1.02,1.34,0.16,0.79,4.57,3.31,1.26,0.87,0.0,0.0
840576,510602,Feng Boyuan,Shaanxi Union FC,Delantero,31,19,1069,6.74,6,3,9,0,3.92,0.36,26,12,11,3,12,227,83.7,4,3,2,16,11,3,77,107,37,43,4,1,0,0.51,0.25,0.76,0.33,0.03,2.19,1.01,1.01,0.34,0.25,0.17,1.35,6.48,3.12,3.62,0.34,0.08
1457653,508178,Elkut Eysajan,Dalian Kuncheng City,Defensor,22,15,941,6.73,0,0,0,0,0.41,0.65,11,0,8,1,6,376,74.47,4,16,18,85,34,3,41,80,13,12,3,0,0,0.0,0.0,0.0,0.04,0.06,1.05,0.0,0.57,0.38,1.53,1.72,8.13,3.92,1.24,1.15,0.29,0.0
1940074,34694,Weipu Wang,Changchun Yatai,Defensor,32,9,488,6.73,0,0,0,0,0.32,0.08,1,0,1,0,0,286,89.86,0,3,8,20,23,0,13,9,10,2,0,0,0,0.0,0.0,0.0,0.06,0.01,0.18,0.0,0.0,0.0,0.55,1.48,3.69,2.4,1.84,0.37,0.0,0.0
2115520,164044,Mustahan Mijit,Suzhou Dongwu,Defensor,28,20,1595,6.73,0,1,1,0,0.6,0.8,6,2,2,1,3,653,77.49,1,13,27,133,82,2,51,84,3,24,4,0,0,0.0,0.06,0.06,0.03,0.05,0.34,0.11,0.17,0.06,0.73,1.52,7.5,2.88,0.17,1.35,0.23,0.0
880129,510606,João Carlos,Guangdong GZ-Power,Delantero,31,10,702,6.73,4,1,5,0,4.49,1.36,37,11,13,3,15,188,67.02,7,5,1,20,5,13,38,68,8,20,0,0,0,0.51,0.13,0.64,0.58,0.17,4.74,1.41,1.92,0.9,0.64,0.13,2.56,4.87,1.03,2.56,0.0,0.0
869748,34694,Zilei Jiang,Changchun Yatai,Defensor,29,20,1386,6.73,1,2,3,0,0.47,0.67,6,2,3,1,8,578,77.34,5,23,37,65,53,1,73,64,19,18,1,0,0,0.06,0.13,0.19,0.03,0.04,0.39,0.13,0.52,0.32,1.49,2.4,4.22,4.74,1.23,1.17,0.06,0.0
933221,164044,Dalun Gao,Suzhou Dongwu,Defensor,29,20,1794,6.73,1,1,2,0,0.57,3.05,8,2,5,4,25,682,71.26,16,16,17,105,35,1,67,89,21,35,5,0,0,0.05,0.05,0.1,0.03,0.15,0.4,0.1,1.25,0.8,0.8,0.85,5.27,3.36,1.05,1.76,0.25,0.0
840648,369494,Honglin Dong,Nanjing City,Mediocampista,30,16,1221,6.73,1,0,1,0,0.42,0.53,8,1,2,1,6,422,78.91,6,16,14,61,29,5,55,57,17,25,4,0,0,0.07,0.0,0.07,0.03,0.04,0.59,0.07,0.44,0.44,1.18,1.03,4.5,4.05,1.25,1.84,0.29,0.0
1867520,508366,Chuqi Huang,Foshan Nanshi,Mediocampista,22,17,1049,6.72,0,1,1,0,0.91,1.65,8,1,6,2,9,236,72.03,13,7,9,58,34,1,58,69,24,9,3,0,0,0.0,0.09,0.09,0.08,0.14,0.69,0.09,0.77,1.12,0.6,0.77,4.98,4.98,2.06,0.77,0.26,0.0
1867516,369494,Chengle Zhao,Nanjing City,Defensor,31,13,894,6.72,1,1,2,0,0.16,0.07,4,1,0,0,1,300,79.67,2,6,11,63,45,3,32,33,3,10,2,1,0,0.1,0.1,0.2,0.02,0.01,0.4,0.1,0.1,0.2,0.6,1.11,6.34,3.22,0.3,1.01,0.2,0.1
1087141,369494,Qiwen Zhu,Nanjing City,Mediocampista,25,15,655,6.72,2,0,2,0,0.89,0.46,12,6,3,0,9,165,76.97,3,5,7,29,5,3,22,41,4,15,1,0,0,0.27,0.0,0.27,0.12,0.06,1.65,0.82,1.24,0.41,0.69,0.96,3.98,3.02,0.55,2.06,0.14,0.0
1196019,34694,Dilümüt Tudi,Changchun Yatai,Mediocampista,27,20,649,6.72,0,2,2,0,0.05,1.38,5,0,3,1,14,378,79.1,4,9,9,41,6,2,28,35,3,10,2,0,0,0.0,0.28,0.28,0.01,0.19,0.69,0.0,1.94,0.55,1.25,1.25,5.69,3.88,0.42,1.39,0.28,0.0
1215599,510606,Duan Yunzi,Guangdong GZ-Power,Mediocampista,31,11,781,6.72,0,0,0,0,0.25,0.36,7,1,3,0,5,419,82.82,2,7,13,66,19,3,29,66,9,26,3,0,0,0.0,0.0,0.0,0.03,0.04,0.81,0.12,0.58,0.23,0.81,1.5,7.61,3.34,1.04,3.0,0.35,0.0
1867538,251278,Hui Xu,Nantong Zhiyun,Defensor,27,20,1436,6.72,1,0,1,0,0.56,0.66,6,4,2,0,10,571,75.83,14,19,12,82,33,0,69,95,23,31,3,0,0,0.06,0.0,0.06,0.04,0.04,0.38,0.25,0.63,0.88,1.19,0.75,5.14,4.32,1.44,1.94,0.19,0.0
833931,382025,Shihao Piao,Yanbian Longding,Mediocampista,35,21,1784,6.71,1,1,2,0,0.12,0.67,5,1,4,0,10,703,79.8,4,15,16,103,18,0,63,104,26,22,4,0,0,0.05,0.05,0.1,0.01,0.03,0.25,0.05,0.5,0.2,0.76,0.81,5.2,3.18,1.31,1.11,0.2,0.0
823272,251278,Ruan Yang,Nantong Zhiyun,Mediocampista,32,16,774,6.71,0,0,0,0,1.13,1.64,12,2,5,2,20,213,77.46,12,5,2,27,3,5,44,64,22,21,3,0,0,0.0,0.0,0.0,0.13,0.19,1.4,0.23,2.33,1.4,0.58,0.23,3.14,5.12,2.56,2.44,0.35,0.0
2501138,215186,Jiantao Lai,Meizhou Hakka,Mediocampista,17,9,265,6.71,0,0,0,0,0.13,0.22,5,0,4,0,5,102,81.37,7,6,0,15,2,1,22,18,6,4,0,0,0,0.0,0.0,0.0,0.04,0.07,1.7,0.0,1.7,2.38,2.04,0.0,5.09,7.47,2.04,1.36,0.0,0.0
1486250,251278,Chao Shen,Nantong Zhiyun,Defensor,21,17,1272,6.71,0,0,0,0,0.03,0.04,1,0,0,0,0,490,87.55,1,6,9,54,43,1,19,30,3,14,2,0,0,0.0,0.0,0.0,0.0,0.0,0.07,0.0,0.0,0.07,0.42,0.64,3.82,1.34,0.21,0.99,0.14,0.0
977992,508178,Kunyue Ma,Dalian Kuncheng City,Portero,25,9,765,6.71,0,0,0,0,,0.02,0,0,0,0,0,181,45.3,0,0,0,64,14,0,5,1,5,0,3,0,0,0.0,0.0,0.0,,0.0,0.0,0.0,0.0,0.0,0.0,0.0,7.53,0.59,0.59,0.0,0.35,0.0
1940095,164044,Jianfeng Tai,Suzhou Dongwu,Defensor,26,10,639,6.71,1,0,1,0,0.17,0.5,2,1,1,0,3,194,60.31,3,9,10,47,23,0,36,51,8,11,1,0,0,0.14,0.0,0.14,0.02,0.07,0.28,0.14,0.42,0.42,1.27,1.41,6.62,5.07,1.13,1.55,0.14,0.0
1620994,510605,Chen Guanjian,Guangxi Hengchen FC,Mediocampista,22,13,968,6.71,1,0,1,0,0.51,0.23,5,3,0,0,1,427,83.14,3,9,13,50,36,2,39,55,6,13,2,0,0,0.09,0.0,0.09,0.05,0.02,0.46,0.28,0.09,0.28,0.84,1.21,4.65,3.63,0.56,1.21,0.19,0.0
369546,215186,Théo Pellenard,Meizhou Hakka,Defensor,32,19,1615,6.71,0,0,0,0,0.36,0.34,2,0,2,0,5,797,79.17,6,20,12,76,101,0,61,71,7,19,4,0,0,0.0,0.0,0.0,0.02,0.02,0.11,0.0,0.28,0.33,1.11,0.67,4.24,3.4,0.39,1.06,0.22,0.0
1046272,196341,Zhu Jiaxuan,Jiangxi Dingnan United,Mediocampista,27,20,1589,6.71,2,2,4,0,1.41,0.52,6,2,1,2,6,677,83.46,2,15,17,53,29,3,38,55,4,16,2,0,0,0.11,0.11,0.23,0.08,0.03,0.34,0.11,0.34,0.11,0.85,0.96,3.0,2.15,0.23,0.91,0.11,0.0
792365,510606,Jingbin Wang,Guangdong GZ-Power,Delantero,31,13,334,6.7,3,0,3,0,1.81,0.06,9,7,1,0,3,77,62.34,2,2,1,9,0,1,23,30,7,3,1,0,0,0.81,0.0,0.81,0.49,0.02,2.43,1.89,0.81,0.54,0.54,0.27,2.43,6.2,1.89,0.81,0.27,0.0
1941129,382020,Wang Yifan,Wuxi Wugou,Mediocampista,21,19,440,6.7,2,1,3,0,1.28,0.72,17,5,9,1,2,133,62.41,22,3,2,21,5,3,38,39,4,13,1,1,0,0.41,0.2,0.61,0.26,0.15,3.48,1.02,0.41,4.5,0.61,0.41,4.3,7.77,0.82,2.66,0.2,0.2
797406,369494,Rentian Hu,Nanjing City,Mediocampista,35,12,757,6.7,0,1,1,0,0.04,0.41,2,1,1,2,6,398,87.69,6,9,14,48,3,0,30,22,11,5,0,0,0,0.0,0.12,0.12,0.0,0.05,0.24,0.12,0.71,0.71,1.07,1.66,5.71,3.57,1.31,0.59,0.0,0.0
1390583,382025,Vas Nuñez,Yanbian Longding,Defensor,30,13,1015,6.7,0,0,0,0,0.42,0.12,7,3,4,0,5,396,73.99,4,11,12,35,60,0,60,53,13,19,1,0,0,0.0,0.0,0.0,0.04,0.01,0.62,0.27,0.44,0.35,0.98,1.06,3.1,5.32,1.15,1.68,0.09,0.0
878707,221238,Aidi Fulang Xisi,Ningbo FC,Defensor,35,4,353,6.7,0,0,0,0,0.42,0.0,2,0,2,0,0,103,77.67,0,4,6,51,4,0,22,29,7,11,0,0,0,0.0,0.0,0.0,0.11,0.0,0.51,0.0,0.0,0.0,1.02,1.53,13.0,5.61,1.78,2.8,0.0,0.0
797387,369494,Xijie Wang,Nanjing City,Defensor,32,15,1172,6.7,0,0,0,0,0.41,0.29,7,1,5,0,2,354,76.27,1,6,20,64,52,1,35,39,20,11,4,0,0,0.0,0.0,0.0,0.03,0.02,0.54,0.08,0.15,0.08,0.46,1.54,4.91,2.69,1.54,0.84,0.31,0.0
1867552,251278,Jingzhe Zhang,Nantong Zhiyun,Defensor,31,11,608,6.7,0,0,0,0,0.24,0.54,4,1,2,1,5,200,81.0,0,11,3,24,6,1,21,30,3,9,1,0,0,0.0,0.0,0.0,0.04,0.08,0.59,0.15,0.74,0.0,1.63,0.44,3.55,3.11,0.44,1.33,0.15,0.0
156445,196341,Po Liang Chen,Jiangxi Dingnan United,Mediocampista,38,8,301,6.7,0,0,0,0,0.05,0.15,3,0,2,0,1,125,84.0,0,0,6,24,7,1,12,17,5,4,0,0,0,0.0,0.0,0.0,0.01,0.04,0.9,0.0,0.3,0.0,0.0,1.79,7.18,3.59,1.5,1.2,0.0,0.0
1390894,221238,Shihao Su,Ningbo FC,Defensor,26,11,491,6.7,0,0,0,0,0.0,0.46,1,0,1,0,3,183,83.61,5,11,5,29,7,0,24,33,7,13,0,0,0,0.0,0.0,0.0,0.0,0.08,0.18,0.0,0.55,0.92,2.02,0.92,5.32,4.4,1.28,2.38,0.0,0.0
1867652,196341,Zimin Zhang,Jiangxi Dingnan United,Mediocampista,26,19,783,6.69,2,0,2,0,0.44,0.68,9,4,2,1,7,293,78.16,2,3,8,40,11,3,25,45,11,12,0,0,0,0.23,0.0,0.23,0.05,0.08,1.03,0.46,0.8,0.23,0.34,0.92,4.6,2.87,1.26,1.38,0.0,0.0
987012,196341,Fan Bojian,Jiangxi Dingnan United,Mediocampista,29,19,1006,6.69,0,2,2,0,0.64,1.05,16,6,7,1,14,278,78.42,5,7,7,35,5,3,51,57,28,11,1,0,0,0.0,0.18,0.18,0.06,0.09,1.43,0.54,1.25,0.45,0.63,0.63,3.13,4.56,2.5,0.98,0.09,0.0
815204,369494,Wai Wong,Nanjing City,Mediocampista,33,13,605,6.69,1,1,2,0,0.47,0.13,9,2,5,1,7,231,83.55,3,6,7,32,7,2,21,37,5,8,0,0,0,0.15,0.15,0.3,0.07,0.02,1.34,0.3,1.04,0.45,0.89,1.04,4.76,3.12,0.74,1.19,0.0,0.0
1501572,510603,Kaijun Huang,Shenzhen Juniors FC,Mediocampista,20,13,436,6.69,1,1,2,0,0.27,0.27,8,2,3,1,3,121,77.69,6,2,0,16,1,3,25,23,12,6,1,0,0,0.21,0.21,0.41,0.06,0.06,1.65,0.41,0.62,1.24,0.41,0.0,3.3,5.16,2.48,1.24,0.21,0.0
1383071,164044,Junjie Wu,Suzhou Dongwu,Mediocampista,24,10,333,6.69,2,0,2,0,0.85,0.27,11,4,3,0,7,106,68.87,8,0,2,10,2,4,20,53,4,13,0,0,0,0.54,0.0,0.54,0.23,0.07,2.97,1.08,1.89,2.16,0.0,0.54,2.7,5.41,1.08,3.51,0.0,0.0
1878172,510605,Xinlong Ji,Guangxi Hengchen FC,Mediocampista,21,11,718,6.69,1,0,1,0,0.62,0.38,8,2,2,0,6,273,75.82,2,9,6,42,10,4,27,42,5,15,2,0,0,0.13,0.0,0.13,0.08,0.05,1.0,0.25,0.75,0.25,1.13,0.75,5.26,3.38,0.63,1.88,0.25,0.0
1000202,508366,Yue Xu,Foshan Nanshi,Mediocampista,26,10,775,6.69,0,1,1,0,0.41,0.54,6,3,1,1,4,324,84.88,3,7,1,39,3,2,21,22,7,6,1,0,0,0.0,0.12,0.12,0.05,0.06,0.7,0.35,0.46,0.35,0.81,0.12,4.53,2.44,0.81,0.7,0.12,0.0
920486,510606,Bin Liu,Guangdong GZ-Power,Defensor,28,18,509,6.69,1,1,2,0,0.98,0.49,14,4,8,1,4,187,63.1,5,8,11,23,19,2,21,29,2,5,3,0,0,0.18,0.18,0.35,0.17,0.09,2.48,0.71,0.71,0.88,1.41,1.94,4.07,3.71,0.35,0.88,0.53,0.0
1867638,251278,Zanhar Beshathan,Nantong Zhiyun,Delantero,24,12,213,6.69,1,1,2,0,0.75,0.22,3,2,1,0,2,67,77.61,0,4,0,5,0,0,17,25,4,5,0,0,0,0.42,0.42,0.85,0.32,0.09,1.27,0.85,0.85,0.0,1.69,0.0,2.11,7.18,1.69,2.11,0.0,0.0
2283303,164044,Haohan He,Suzhou Dongwu,Delantero,21,8,275,6.69,0,0,0,0,0.03,0.1,2,1,1,0,2,66,59.09,9,1,2,15,5,0,22,25,6,4,1,0,0,0.0,0.0,0.0,0.01,0.03,0.65,0.33,0.65,2.95,0.33,0.65,4.91,7.2,1.96,1.31,0.33,0.0
841912,196341,Nizamdin Ependi,Jiangxi Dingnan United,Defensor,35,7,424,6.69,0,1,1,0,0.0,0.16,0,0,0,0,1,178,77.53,1,6,9,45,12,0,15,30,2,6,1,0,0,0.0,0.21,0.21,0.0,0.03,0.0,0.0,0.21,0.21,1.27,1.91,9.55,3.18,0.42,1.27,0.21,0.0
332171,221238,Léo Cittadini,Ningbo FC,Mediocampista,32,13,976,6.68,2,1,3,0,1.62,0.24,12,9,2,1,3,287,81.53,5,3,8,48,3,1,42,68,18,16,0,0,0,0.18,0.09,0.28,0.15,0.02,1.11,0.83,0.28,0.46,0.28,0.74,4.43,3.87,1.66,1.48,0.0,0.0
2501082,510605,Ming Dai,Guangxi Hengchen FC,Mediocampista,19,12,418,6.68,1,0,1,0,0.61,0.71,7,2,3,0,4,157,84.71,2,6,3,27,3,2,23,29,5,7,1,0,0,0.22,0.0,0.22,0.13,0.15,1.51,0.43,0.86,0.43,1.29,0.65,5.81,4.95,1.08,1.51,0.22,0.0
2283193,164044,Jiancong Wang,Suzhou Dongwu,Mediocampista,21,6,247,6.68,0,1,1,0,0.12,0.51,4,2,0,1,8,61,70.49,1,7,1,14,2,2,14,14,6,3,0,0,0,0.0,0.36,0.36,0.04,0.19,1.46,0.73,2.91,0.36,2.55,0.36,5.1,5.1,2.19,1.09,0.0,0.0
2114447,510602,Wuyue Guo,Shaanxi Union FC,Defensor,19,6,289,6.68,0,0,0,0,0.17,0.04,3,0,1,0,0,93,74.19,1,3,3,9,11,2,15,9,2,3,0,0,0,0.0,0.0,0.0,0.05,0.01,0.93,0.0,0.0,0.31,0.93,0.93,2.8,4.67,0.62,0.93,0.0,0.0
1867656,382025,Ziqian Hu,Yanbian Longding,Defensor,25,17,1357,6.68,0,0,0,0,0.62,0.1,8,3,5,0,1,775,83.48,1,6,16,71,54,0,41,49,14,15,5,0,0,0.0,0.0,0.0,0.04,0.01,0.53,0.2,0.07,0.07,0.4,1.06,4.71,2.72,0.93,0.99,0.33,0.0
1126162,382020,Zhou Pinxi,Wuxi Wugou,Defensor,25,11,885,6.68,0,0,0,0,0.13,0.33,4,1,3,0,4,417,83.21,0,17,11,36,23,0,34,18,6,7,1,0,0,0.0,0.0,0.0,0.01,0.03,0.41,0.1,0.41,0.0,1.73,1.12,3.66,3.46,0.61,0.71,0.1,0.0
869749,221238,Haisheng Gao,Ningbo FC,Mediocampista,29,16,1341,6.68,1,1,2,0,1.17,0.81,16,3,7,0,12,489,84.46,4,18,17,52,9,6,42,71,12,23,4,0,0,0.07,0.07,0.13,0.08,0.05,1.07,0.2,0.81,0.27,1.21,1.14,3.49,2.82,0.81,1.54,0.27,0.0
120988,382025,Felicio Brown Forbes,Yanbian Longding,Delantero,35,10,888,6.68,5,0,5,0,2.66,0.16,19,9,8,0,7,179,73.18,2,2,2,14,11,2,37,81,16,21,3,0,0,0.51,0.0,0.51,0.27,0.02,1.93,0.91,0.71,0.2,0.2,0.2,1.42,3.75,1.62,2.13,0.3,0.0
887863,251278,Yubiao Deng,Nantong Zhiyun,Mediocampista,29,18,1268,6.68,0,1,1,0,0.52,0.73,10,2,6,3,8,546,82.05,7,26,11,57,13,2,55,85,12,24,4,0,0,0.0,0.07,0.07,0.04,0.05,0.71,0.14,0.57,0.5,1.85,0.78,4.05,3.9,0.85,1.7,0.28,0.0
2283261,382024,Lingzi Guo,Shijiazhuang Gongfu,Mediocampista,20,13,905,6.68,0,1,1,0,1.38,0.61,15,2,5,1,5,212,72.17,10,7,8,47,7,8,61,105,31,20,2,0,0,0.0,0.1,0.1,0.14,0.06,1.49,0.2,0.5,0.99,0.7,0.8,4.67,6.07,3.08,1.99,0.2,0.0
2112344,221238,Wenkai Lin,Ningbo FC,Mediocampista,21,12,454,6.68,1,0,1,0,1.48,0.41,10,4,3,1,7,124,78.23,3,8,2,30,2,3,23,28,7,6,0,0,0,0.2,0.0,0.2,0.29,0.08,1.98,0.79,1.39,0.59,1.59,0.4,5.95,4.56,1.39,1.19,0.0,0.0
980908,34694,Xipeng Sun,Changchun Yatai,Delantero,27,17,717,6.68,0,1,1,0,0.47,0.3,4,1,1,1,5,169,72.78,1,6,6,21,13,2,52,55,23,17,2,0,0,0.0,0.13,0.13,0.06,0.04,0.5,0.13,0.63,0.13,0.75,0.75,2.64,6.53,2.89,2.13,0.25,0.0
1115187,510602,Jiang Wenhao,Shaanxi Union FC,Defensor,26,7,276,6.67,0,0,0,0,0.05,0.05,2,0,2,0,0,162,85.8,1,9,4,12,8,0,16,15,5,10,1,0,0,0.0,0.0,0.0,0.02,0.02,0.65,0.0,0.0,0.33,2.93,1.3,3.91,5.22,1.63,3.26,0.33,0.0
365000,215186,Chaosheng Yang,Meizhou Hakka,Mediocampista,33,20,1652,6.67,5,2,7,0,4.07,0.83,40,12,23,2,12,398,70.35,10,11,11,57,11,5,96,141,33,28,1,0,0,0.27,0.11,0.38,0.22,0.05,2.18,0.65,0.65,0.54,0.6,0.6,3.11,5.23,1.8,1.53,0.05,0.0
2501160,510602,Wenxu Jin,Shaanxi Union FC,Defensor,19,10,860,6.67,0,2,2,0,0.23,0.63,5,1,3,3,8,375,85.87,4,25,8,28,10,1,47,29,11,11,2,0,0,0.0,0.21,0.21,0.02,0.07,0.52,0.1,0.84,0.42,2.62,0.84,2.93,4.92,1.15,1.15,0.21,0.0
1867590,369494,Shang Fu,Nanjing City,Mediocampista,27,13,449,6.67,0,1,1,0,0.19,0.62,4,0,2,3,9,132,80.3,4,9,3,11,9,2,25,25,8,10,2,0,0,0.0,0.2,0.2,0.04,0.12,0.8,0.0,1.8,0.8,1.8,0.6,2.2,5.01,1.6,2.0,0.4,0.0
1445458,164044,Shen'ao Zhao,Suzhou Dongwu,Mediocampista,23,19,1532,6.67,0,1,1,0,0.26,0.29,10,2,5,0,9,486,80.66,4,23,27,108,34,3,62,96,7,30,5,0,0,0.0,0.06,0.06,0.02,0.02,0.59,0.12,0.53,0.23,1.35,1.59,6.34,3.64,0.41,1.76,0.29,0.0
2114519,510605,Dongtao  Chen,Guangxi Hengchen FC,Mediocampista,20,14,904,6.66,4,0,4,0,3.81,0.99,23,7,10,0,14,322,77.95,7,8,3,34,2,6,33,61,18,17,1,0,0,0.4,0.0,0.4,0.38,0.1,2.29,0.7,1.39,0.7,0.8,0.3,3.38,3.29,1.79,1.69,0.1,0.0
1126160,508178,Wenxuan Wang,Dalian Kuncheng City,Defensor,26,19,1633,6.66,0,1,1,0,0.14,0.34,4,1,2,0,5,616,81.82,3,17,22,102,84,1,57,74,12,31,5,0,0,0.0,0.06,0.06,0.01,0.02,0.22,0.06,0.28,0.17,0.94,1.21,5.62,3.14,0.66,1.71,0.28,0.0
873576,382020,Wei He,Wuxi Wugou,Defensor,29,14,1138,6.66,0,1,1,0,0.0,0.74,0,0,0,1,9,513,83.82,3,19,8,38,50,0,35,38,2,15,4,0,0,0.0,0.08,0.08,0.0,0.06,0.0,0.0,0.71,0.24,1.5,0.63,3.01,2.77,0.16,1.19,0.32,0.0
1470291,215186,Sherzat Nur,Meizhou Hakka,Mediocampista,22,7,447,6.66,0,0,0,0,0.12,0.0,1,0,1,0,0,164,80.49,2,7,8,43,3,0,30,40,5,3,0,0,0,0.0,0.0,0.0,0.02,0.0,0.2,0.0,0.0,0.4,1.41,1.61,8.66,6.04,1.01,0.6,0.0,0.0
840652,508178,Yaopeng Wang,Dalian Kuncheng City,Defensor,31,16,1252,6.66,0,0,0,0,0.39,0.41,8,1,5,0,4,425,80.71,2,14,17,64,84,2,53,43,12,17,4,0,0,0.0,0.0,0.0,0.03,0.03,0.58,0.07,0.29,0.14,1.01,1.22,4.6,3.81,0.86,1.22,0.29,0.0
797404,196341,Jia Du,Jiangxi Dingnan United,Portero,33,16,1391,6.66,0,0,0,0,0.0,0.01,0,0,0,0,1,402,82.09,0,0,4,91,15,0,9,3,8,2,0,0,0,0.0,0.0,0.0,0.0,0.0,0.0,0.0,0.06,0.0,0.0,0.26,5.89,0.58,0.52,0.13,0.0,0.0
1502657,382025,Taixu Cui,Yanbian Longding,Mediocampista,20,22,1503,6.65,0,0,0,0,0.51,0.76,12,2,6,1,6,458,73.58,11,28,16,72,33,4,76,129,18,36,4,0,0,0.0,0.0,0.0,0.03,0.05,0.72,0.12,0.36,0.66,1.68,0.96,4.31,4.55,1.08,2.16,0.24,0.0
1580938,382025,Shibin Li,Yanbian Longding,Mediocampista,21,16,520,6.65,0,0,0,0,0.13,0.73,5,0,4,0,3,163,73.01,7,5,6,21,12,1,31,20,12,5,1,0,0,0.0,0.0,0.0,0.02,0.13,0.87,0.0,0.52,1.21,0.87,1.04,3.63,5.37,2.08,0.87,0.17,0.0
934390,510603,Xin Zhou,Shenzhen Juniors FC,Defensor,28,8,360,6.65,1,0,1,0,0.88,0.03,2,1,1,0,0,165,90.3,0,5,1,11,15,0,11,22,3,13,3,0,0,0.25,0.0,0.25,0.22,0.01,0.5,0.25,0.0,0.0,1.25,0.25,2.75,2.75,0.75,3.25,0.75,0.0
1216166,164044,A'Sihan A'Sihan,Suzhou Dongwu,Portero,,2,180,6.65,0,0,0,0,,0.0,0,0,0,0,0,47,25.53,0,0,0,17,1,0,3,0,3,0,0,0,0,0.0,0.0,0.0,,0.0,0.0,0.0,0.0,0.0,0.0,0.0,8.5,1.5,1.5,0.0,0.0,0.0
2052700,215186,Xiangxin Wei,Meizhou Hakka,Mediocampista,18,10,797,6.65,0,0,0,0,1.0,0.2,11,5,5,0,5,150,67.33,16,10,8,46,5,1,56,98,20,18,1,0,0,0.0,0.0,0.0,0.11,0.02,1.24,0.56,0.56,1.81,1.13,0.9,5.19,6.32,2.26,2.03,0.11,0.0
833494,369494,He Yang,Nanjing City,Defensor,36,4,198,6.65,0,0,0,0,0.2,0.43,5,3,2,0,7,23,69.57,2,0,1,5,3,0,7,4,4,0,0,0,0,0.0,0.0,0.0,0.09,0.2,2.27,1.36,3.18,0.91,0.0,0.45,2.27,3.18,1.82,0.0,0.0,0.0
978701,221238,Ao Chen,Ningbo FC,Defensor,26,10,499,6.65,0,0,0,0,0.01,0.2,1,0,1,1,1,237,87.34,1,8,2,12,18,0,14,13,3,7,2,0,0,0.0,0.0,0.0,0.0,0.04,0.18,0.0,0.18,0.18,1.44,0.36,2.16,2.53,0.54,1.26,0.36,0.0
2114495,215186,Hongbao Luo,Meizhou Hakka,Mediocampista,19,9,367,6.64,1,0,1,0,0.2,0.16,1,1,0,0,4,135,91.11,0,9,1,12,2,0,12,16,3,8,0,0,0,0.25,0.0,0.25,0.05,0.04,0.25,0.25,0.98,0.0,2.21,0.25,2.94,2.94,0.74,1.96,0.0,0.0
1126413,510603,Shi Yucheng,Shenzhen Juniors FC,Mediocampista,25,18,1067,6.64,0,4,4,0,0.39,0.54,7,2,3,3,9,399,84.96,3,14,6,41,5,2,32,62,7,18,2,0,0,0.0,0.34,0.34,0.03,0.05,0.59,0.17,0.76,0.25,1.18,0.51,3.46,2.7,0.59,1.52,0.17,0.0
929113,510605,Siqi Li,Guangxi Hengchen FC,Defensor,29,16,1211,6.64,0,0,0,0,0.13,0.38,2,2,0,0,6,570,81.4,4,13,10,71,44,0,46,81,6,18,4,0,0,0.0,0.0,0.0,0.01,0.03,0.15,0.15,0.45,0.3,0.97,0.74,5.28,3.42,0.45,1.34,0.3,0.0
1215954,369494,Anjie Xi,Nanjing City,Portero,22,7,630,6.64,0,0,0,0,0.0,0.0,0,0,0,0,0,117,50.43,0,0,4,37,6,0,5,1,4,1,0,0,0,0.0,0.0,0.0,0.0,0.0,0.0,0.0,0.0,0.0,0.0,0.57,5.29,0.71,0.57,0.14,0.0,0.0
2112335,382020,Zihao Wang,Wuxi Wugou,Defensor,27,8,352,6.64,0,0,0,0,0.0,0.04,0,0,0,0,1,129,83.72,0,5,5,14,7,0,11,13,1,6,1,0,0,0.0,0.0,0.0,0.0,0.01,0.0,0.0,0.26,0.0,1.28,1.28,3.58,2.81,0.26,1.53,0.26,0.0
797487,215186,Baojie Zhu,Meizhou Hakka,Mediocampista,37,13,725,6.64,0,0,0,0,0.03,0.48,1,0,1,0,9,311,85.53,9,8,7,57,4,0,37,55,12,7,0,0,0,0.0,0.0,0.0,0.0,0.06,0.12,0.0,1.12,1.12,0.99,0.87,7.08,4.59,1.49,0.87,0.0,0.0
1487560,382024,Zhao Shuhao,Shijiazhuang Gongfu,Defensor,28,17,938,6.64,0,0,0,0,0.23,0.63,3,2,1,0,7,318,82.08,13,5,7,40,21,0,42,80,17,13,0,0,0,0.0,0.0,0.0,0.02,0.06,0.29,0.19,0.67,1.25,0.48,0.67,3.84,4.03,1.63,1.25,0.0,0.0
2196126,34694,Zhicheng Wu,Changchun Yatai,Mediocampista,18,5,320,6.64,0,0,0,0,0.03,0.0,1,0,0,0,0,144,75.0,2,1,9,45,9,1,14,32,2,8,1,0,0,0.0,0.0,0.0,0.01,0.0,0.28,0.0,0.0,0.56,0.28,2.53,12.66,3.94,0.56,2.25,0.28,0.0
931179,510603,Yajun Chen,Shenzhen Juniors FC,Mediocampista,27,14,508,6.64,1,0,1,0,0.4,0.14,7,4,1,0,1,272,91.91,1,6,0,22,1,2,15,20,3,8,2,0,0,0.18,0.0,0.18,0.07,0.02,1.24,0.71,0.18,0.18,1.06,0.0,3.9,2.66,0.53,1.42,0.35,0.0
840651,382024,Pengfei Shan,Shijiazhuang Gongfu,Defensor,33,15,813,6.64,0,0,0,0,0.03,0.24,1,0,0,1,2,303,81.19,2,7,9,25,41,1,25,25,2,10,1,0,0,0.0,0.0,0.0,0.0,0.03,0.11,0.0,0.22,0.22,0.77,1.0,2.77,2.77,0.22,1.11,0.11,0.0
1488110,510603,Xiaolong Liu,Shenzhen Juniors FC,Mediocampista,23,8,520,6.64,0,0,0,0,0.33,0.69,5,0,3,1,7,113,85.84,6,4,2,19,2,2,19,25,9,6,0,0,0,0.0,0.0,0.0,0.06,0.12,0.87,0.0,1.21,1.04,0.69,0.35,3.29,3.29,1.56,1.04,0.0,0.0
2283255,508366,Zihan Mu,Foshan Nanshi,Mediocampista,20,12,261,6.64,0,0,0,0,0.42,0.46,4,3,0,1,3,77,84.42,0,0,2,7,1,1,6,21,6,6,0,0,0,0.0,0.0,0.0,0.14,0.16,1.38,1.03,1.03,0.0,0.0,0.69,2.41,2.07,2.07,2.07,0.0,0.0
2074244,196341,Jialiang Gao,Jiangxi Dingnan United,Defensor,26,3,180,6.63,0,0,0,0,0.0,0.0,0,0,0,0,0,74,70.27,0,0,7,23,6,0,10,15,0,1,0,0,0,0.0,0.0,0.0,0.0,0.0,0.0,0.0,0.0,0.0,0.0,3.5,11.5,5.0,0.0,0.5,0.0,0.0
797397,508178,Weijie Sui,Dalian Kuncheng City,Portero,43,10,855,6.63,0,0,0,0,0.0,0.18,0,0,0,0,0,208,48.56,0,0,5,64,10,0,5,1,4,0,3,0,0,0.0,0.0,0.0,0.0,0.02,0.0,0.0,0.0,0.0,0.0,0.53,6.74,0.53,0.42,0.0,0.32,0.0
2114733,164044,Jiancong Wang,Suzhou Dongwu,Mediocampista,25,7,467,6.63,1,0,1,0,0.03,0.51,1,1,0,1,4,118,76.27,12,1,4,24,8,0,33,64,8,4,0,0,0,0.19,0.0,0.19,0.01,0.1,0.19,0.19,0.77,2.31,0.19,0.77,4.63,6.36,1.54,0.77,0.0,0.0
1382133,369494,Shewketjan Tayir,Nanjing City,Defensor,,7,476,6.63,0,0,0,0,0.06,0.14,3,0,3,0,2,151,77.48,4,1,4,43,18,0,29,43,3,5,1,0,0,0.0,0.0,0.0,0.01,0.03,0.57,0.0,0.38,0.76,0.19,0.76,8.13,5.48,0.57,0.95,0.19,0.0
1035309,34694,Guoliang Chen,Changchun Yatai,Defensor,27,7,469,6.63,0,0,0,0,0.0,0.1,1,0,0,0,4,259,81.08,2,5,5,47,17,1,25,35,4,4,1,0,0,0.0,0.0,0.0,0.0,0.02,0.19,0.0,0.77,0.38,0.96,0.96,9.02,4.8,0.77,0.77,0.19,0.0
817657,510602,Jia’nan Wang,Shaanxi Union FC,Defensor,33,15,1125,6.63,0,0,0,0,0.1,0.41,3,1,2,1,6,504,82.34,6,15,7,44,29,0,43,62,10,23,3,0,0,0.0,0.0,0.0,0.01,0.03,0.24,0.08,0.48,0.48,1.2,0.56,3.52,3.44,0.8,1.84,0.24,0.0
1487559,251278,Daochi Ye,Nantong Zhiyun,Delantero,25,11,397,6.63,2,0,2,0,0.92,0.16,3,3,0,0,3,66,72.73,4,3,1,10,3,0,20,44,11,11,0,0,0,0.45,0.0,0.45,0.21,0.04,0.68,0.68,0.68,0.91,0.68,0.23,2.27,4.53,2.49,2.49,0.0,0.0
2501116,508178,Sihan You,Dalian Kuncheng City,Mediocampista,18,12,375,6.63,1,1,2,0,0.78,0.11,2,2,0,0,4,49,79.59,3,5,0,14,4,0,18,14,4,2,0,0,0,0.24,0.24,0.48,0.19,0.03,0.48,0.48,0.96,0.72,1.2,0.0,3.36,4.32,0.96,0.48,0.0,0.0
1940069,510602,Tursunali Nureli,Shaanxi Union FC,Mediocampista,21,8,263,6.63,0,1,1,0,0.09,0.04,2,0,1,0,2,90,83.33,2,1,1,5,5,1,7,5,2,4,1,0,0,0.0,0.34,0.34,0.03,0.01,0.68,0.0,0.68,0.68,0.34,0.34,1.71,2.4,0.68,1.37,0.34,0.0
840693,221238,Yue Liu,Ningbo FC,Defensor,29,16,1235,6.63,0,0,0,0,0.07,0.49,5,0,4,0,5,381,76.38,8,28,21,63,33,1,65,72,15,19,4,0,0,0.0,0.0,0.0,0.01,0.04,0.36,0.0,0.36,0.58,2.04,1.53,4.59,4.74,1.09,1.38,0.29,0.0
932329,510602,Kaiyuan Tan,Shaanxi Union FC,Mediocampista,25,18,863,6.62,0,0,0,0,0.78,0.59,11,5,4,1,6,254,73.23,1,13,8,24,21,2,41,68,13,23,2,0,0,0.0,0.0,0.0,0.08,0.06,1.15,0.52,0.63,0.1,1.36,0.83,2.5,4.28,1.36,2.4,0.21,0.0
975668,34694,Clément Benhaddouche,Changchun Yatai,Defensor,30,9,377,6.62,0,0,0,0,0.09,0.4,3,1,1,0,1,193,73.06,1,3,4,26,13,1,14,25,1,4,0,0,0,0.0,0.0,0.0,0.02,0.1,0.72,0.24,0.24,0.24,0.72,0.95,6.21,3.34,0.24,0.95,0.0,0.0
832273,251278,Wei Liu,Nantong Zhiyun,Defensor,33,9,361,6.62,0,0,0,0,0.0,0.01,1,0,1,0,0,207,84.54,0,2,1,22,18,0,18,28,1,4,0,0,0,0.0,0.0,0.0,0.0,0.0,0.25,0.0,0.0,0.0,0.5,0.25,5.48,4.49,0.25,1.0,0.0,0.0
1488115,508366,Liu Zongyuan,Foshan Nanshi,Defensor,23,17,1234,6.62,0,0,0,0,0.17,0.13,4,1,2,0,1,490,82.86,1,13,11,57,77,1,54,54,12,13,2,0,0,0.0,0.0,0.0,0.01,0.01,0.29,0.07,0.07,0.07,0.95,0.8,4.16,3.94,0.88,0.95,0.15,0.0
2114499,382024,Chenwei Zhao,Shijiazhuang Gongfu,Delantero,19,11,364,6.62,0,2,2,0,1.2,0.24,12,4,7,1,4,57,57.89,3,1,0,9,2,1,29,25,18,10,1,0,0,0.0,0.49,0.49,0.3,0.06,2.97,0.99,0.99,0.74,0.25,0.0,2.23,7.17,4.45,2.47,0.25,0.0
1092634,508366,Abduwahap Aniwar,Foshan Nanshi,Mediocampista,26,17,956,6.62,1,1,2,0,1.78,1.0,15,6,5,2,9,319,83.7,4,4,5,31,6,4,24,50,11,8,1,0,0,0.09,0.09,0.19,0.17,0.09,1.41,0.56,0.85,0.38,0.38,0.47,2.92,2.26,1.04,0.75,0.09,0.0
1403396,164044,Liu Jiqiang,Suzhou Dongwu,Defensor,29,13,787,6.62,1,1,2,0,0.94,0.06,2,2,0,0,1,315,80.95,1,6,11,49,44,0,25,62,4,18,3,0,0,0.11,0.11,0.23,0.11,0.01,0.23,0.23,0.11,0.11,0.69,1.26,5.6,2.86,0.46,2.06,0.34,0.0
1115989,251278,Li Xingxian,Nantong Zhiyun,Mediocampista,21,6,317,6.62,1,0,1,0,0.58,0.03,2,1,0,0,0,110,68.18,1,1,4,21,3,1,13,35,5,7,3,0,0,0.28,0.0,0.28,0.16,0.01,0.57,0.28,0.0,0.28,0.28,1.14,5.96,3.69,1.42,1.99,0.85,0.0
2201821,508178,Yihan Yan,Dalian Kuncheng City,Mediocampista,20,6,328,6.62,0,0,0,0,0.67,0.82,9,1,4,1,7,73,80.82,5,11,1,10,2,4,17,15,1,6,0,0,0,0.0,0.0,0.0,0.18,0.22,2.47,0.27,1.92,1.37,3.02,0.27,2.74,4.66,0.27,1.65,0.0,0.0
1215912,34694,Junjie Wu,Changchun Yatai,Defensor,23,6,438,6.62,0,0,0,0,0.0,0.02,0,0,0,0,0,186,79.03,5,4,12,35,24,0,28,28,6,8,1,0,0,0.0,0.0,0.0,0.0,0.0,0.0,0.0,0.0,1.03,0.82,2.47,7.19,5.75,1.23,1.64,0.21,0.0
1867616,382024,Ya'nan Li,Shijiazhuang Gongfu,Portero,33,8,720,6.61,0,0,0,0,,0.01,0,0,0,0,0,180,66.67,0,0,0,62,12,0,2,0,0,0,3,0,0,0.0,0.0,0.0,,0.0,0.0,0.0,0.0,0.0,0.0,0.0,7.75,0.25,0.0,0.0,0.38,0.0
1126417,510602,Yanpu Chen,Shaanxi Union FC,Defensor,25,8,362,6.61,0,0,0,0,0.05,0.07,2,0,2,0,2,131,79.39,3,4,6,18,18,0,12,30,2,3,2,0,0,0.0,0.0,0.0,0.01,0.02,0.5,0.0,0.5,0.75,0.99,1.49,4.48,2.98,0.5,0.75,0.5,0.0
978068,215186,Xiaobin Sun,Meizhou Hakka,Defensor,27,19,1474,6.61,0,0,0,0,1.27,0.32,7,2,2,0,1,645,85.89,0,8,18,86,82,3,61,80,13,21,4,0,0,0.0,0.0,0.0,0.08,0.02,0.43,0.12,0.06,0.0,0.49,1.1,5.25,3.72,0.79,1.28,0.24,0.0
2501136,215186,Jiarun Li,Meizhou Hakka,Mediocampista,17,11,466,6.61,0,2,2,0,0.18,0.81,3,1,1,4,4,103,70.87,8,14,4,14,10,1,27,32,2,5,0,0,0,0.0,0.39,0.39,0.03,0.16,0.58,0.19,0.77,1.55,2.7,0.77,2.7,5.21,0.39,0.97,0.0,0.0
794916,221238,Men Yang,Ningbo FC,Delantero,35,16,442,6.61,2,1,3,0,0.85,0.66,10,4,5,1,4,66,54.55,1,3,0,6,7,1,22,37,3,10,0,0,0,0.41,0.2,0.61,0.17,0.13,2.04,0.81,0.81,0.2,0.61,0.0,1.22,4.48,0.61,2.04,0.0,0.0
1515496,164044,Pan Song,Suzhou Dongwu,Mediocampista,22,16,654,6.61,0,0,0,0,1.02,0.18,12,4,6,1,7,168,81.55,6,5,5,27,2,2,33,51,8,7,0,0,0,0.0,0.0,0.0,0.14,0.02,1.65,0.55,0.96,0.83,0.69,0.69,3.72,4.54,1.1,0.96,0.0,0.0
1878174,510603,Gan Xianhao,Shenzhen Juniors FC,Mediocampista,24,13,417,6.6,1,0,1,0,0.69,0.1,6,3,2,0,4,185,83.24,1,4,2,26,6,1,16,27,5,9,2,0,0,0.22,0.0,0.22,0.15,0.02,1.29,0.65,0.86,0.22,0.86,0.43,5.61,3.45,1.08,1.94,0.43,0.0
1876970,508366,Zhong Ziqin,Foshan Nanshi,Mediocampista,21,14,514,6.6,0,1,1,0,0.32,0.99,8,3,2,1,7,113,71.68,2,3,3,17,6,3,24,49,9,10,0,0,0,0.0,0.18,0.18,0.06,0.17,1.4,0.53,1.23,0.35,0.53,0.53,2.98,4.2,1.58,1.75,0.0,0.0
1002743,221238,Xing Chen,Ningbo FC,Mediocampista,26,3,270,6.6,0,0,0,0,,0.0,0,0,0,0,0,69,57.97,0,0,0,15,13,0,3,0,3,0,0,0,0,0.0,0.0,0.0,,0.0,0.0,0.0,0.0,0.0,0.0,0.0,5.0,1.0,1.0,0.0,0.0,0.0
1089798,382025,Kou Jiahao,Yanbian Longding,Portero,,16,1440,6.6,0,0,0,0,,0.01,0,0,0,0,0,235,66.38,0,0,0,113,14,0,7,0,7,0,0,0,0,0.0,0.0,0.0,,0.0,0.0,0.0,0.0,0.0,0.0,0.0,7.06,0.44,0.44,0.0,0.0,0.0
1003578,508366,Weisheng Jiang,Foshan Nanshi,Mediocampista,26,8,199,6.6,0,0,0,0,0.0,0.14,0,0,0,0,2,49,59.18,4,1,3,9,8,0,10,23,1,4,1,0,0,0.0,0.0,0.0,0.0,0.06,0.0,0.0,0.9,1.81,0.45,1.36,4.07,4.52,0.45,1.81,0.45,0.0
1171321,196341,Li Zhi,Jiangxi Dingnan United,Defensor,33,16,1248,6.59,1,0,1,0,0.19,1.08,10,3,6,0,14,447,69.13,6,14,12,61,29,1,54,81,22,26,5,1,0,0.07,0.0,0.07,0.01,0.08,0.72,0.22,1.01,0.43,1.01,0.87,4.4,3.89,1.59,1.88,0.36,0.07
1215854,34694,Chao Fan,Changchun Yatai,Delantero,22,11,214,6.59,1,1,2,0,0.42,0.32,2,1,1,0,3,53,54.72,4,2,1,6,1,0,14,17,1,7,0,0,0,0.42,0.42,0.84,0.18,0.13,0.84,0.42,1.26,1.68,0.84,0.42,2.52,5.89,0.42,2.94,0.0,0.0
1087109,164044,Bowei Song,Suzhou Dongwu,Defensor,24,7,352,6.58,0,0,0,0,0.02,0.11,1,0,0,0,0,157,82.8,2,5,1,25,11,1,12,25,2,6,1,0,0,0.0,0.0,0.0,0.01,0.03,0.26,0.0,0.0,0.51,1.28,0.26,6.39,3.07,0.51,1.53,0.26,0.0
831234,382024,Zhiyun Zheng,Shijiazhuang Gongfu,Defensor,31,17,983,6.58,0,2,2,0,0.36,1.22,7,2,2,3,14,305,72.13,2,13,8,38,11,3,29,41,13,19,2,0,0,0.0,0.18,0.18,0.03,0.11,0.64,0.18,1.28,0.18,1.19,0.73,3.48,2.66,1.19,1.74,0.18,0.0
1867565,221238,Kefeng Shang,Ningbo FC,Defensor,28,18,640,6.58,0,1,1,0,0.12,0.21,2,0,0,0,3,229,73.36,1,15,7,23,16,2,33,34,4,12,2,0,0,0.0,0.14,0.14,0.02,0.03,0.28,0.0,0.42,0.14,2.11,0.98,3.23,4.64,0.56,1.69,0.28,0.0
1631368,508366,Li Bowen,Foshan Nanshi,Defensor,31,5,236,6.58,0,0,0,0,0.42,0.18,2,2,0,0,1,78,83.33,0,1,5,29,13,0,11,12,1,1,0,0,1,0.0,0.0,0.0,0.16,0.07,0.76,0.76,0.38,0.0,0.38,1.91,11.06,4.19,0.38,0.38,0.0,0.0
1459375,34694,Ziheng Liu,Changchun Yatai,Mediocampista,24,4,208,6.58,0,2,2,0,0.03,0.4,2,0,1,0,3,56,67.86,0,5,1,12,5,1,7,10,2,5,1,0,0,0.0,0.87,0.87,0.01,0.17,0.87,0.0,1.3,0.0,2.16,0.43,5.19,3.03,0.87,2.16,0.43,0.0
799006,382025,Wang Zihao,Yanbian Longding,Mediocampista,32,9,411,6.58,0,0,0,0,0.41,0.28,3,1,1,0,3,110,78.18,3,4,1,13,4,1,27,41,13,22,2,0,0,0.0,0.0,0.0,0.09,0.06,0.66,0.22,0.66,0.66,0.88,0.22,2.85,5.91,2.85,4.82,0.44,0.0
1894516,196341,Yuchen Han,Jiangxi Dingnan United,Delantero,18,16,537,6.57,0,0,0,0,0.22,0.06,4,1,2,0,1,85,74.12,3,2,3,21,6,1,27,38,16,7,2,0,0,0.0,0.0,0.0,0.04,0.01,0.67,0.17,0.17,0.5,0.34,0.5,3.52,4.53,2.68,1.17,0.34,0.0
2084797,221238,Junyu Yao,Ningbo FC,Mediocampista,18,6,254,6.57,0,1,1,0,0.17,0.28,4,1,3,0,4,77,64.94,1,4,1,10,0,0,6,10,1,3,0,0,0,0.0,0.35,0.35,0.06,0.1,1.42,0.35,1.42,0.35,1.42,0.35,3.54,2.13,0.35,1.06,0.0,0.0
1621003,382024,Wenhao Zhou,Shijiazhuang Gongfu,Mediocampista,21,15,567,6.57,0,0,0,0,0.2,0.42,4,2,1,0,7,190,86.32,4,4,2,25,4,1,24,42,12,13,1,0,0,0.0,0.0,0.0,0.03,0.07,0.63,0.32,1.11,0.63,0.63,0.32,3.97,3.81,1.9,2.06,0.16,0.0
2501127,382024,Ernar Hakimhan,Shijiazhuang Gongfu,Defensor,21,13,799,6.57,0,0,0,0,0.07,0.05,2,1,0,0,1,320,83.44,2,9,8,27,38,1,29,26,5,12,0,0,0,0.0,0.0,0.0,0.01,0.01,0.23,0.11,0.11,0.23,1.01,0.9,3.04,3.27,0.56,1.35,0.0,0.0
1129450,215186,Haoran Wang,Meizhou Hakka,Mediocampista,25,20,1359,6.57,0,1,1,0,0.25,0.11,4,2,2,1,4,582,81.79,0,9,11,49,41,0,31,65,11,23,1,0,0,0.0,0.07,0.07,0.02,0.01,0.26,0.13,0.26,0.0,0.6,0.73,3.25,2.05,0.73,1.52,0.07,0.0
1090767,369494,Dejiang Yang,Nanjing City,Mediocampista,22,14,892,6.56,0,1,1,0,0.27,0.66,9,0,6,1,5,306,74.51,3,17,11,43,8,3,56,81,22,39,4,0,0,0.0,0.1,0.1,0.03,0.07,0.91,0.0,0.5,0.3,1.72,1.11,4.34,5.65,2.22,3.93,0.4,0.0
1445817,510605,Jiaqiang Lu,Guangxi Hengchen FC,Defensor,21,8,475,6.56,0,0,0,0,,0.05,0,0,0,0,0,333,89.49,0,7,2,16,16,0,16,14,3,7,2,0,0,0.0,0.0,0.0,,0.01,0.0,0.0,0.0,0.0,1.33,0.38,3.03,3.03,0.57,1.33,0.38,0.0
817819,221238,Xu Yougang,Ningbo FC,Defensor,30,13,1032,6.56,0,0,0,0,0.03,0.23,3,0,1,0,4,509,78.59,5,5,13,81,40,2,47,78,15,17,2,1,0,0.0,0.0,0.0,0.0,0.02,0.26,0.0,0.35,0.44,0.44,1.13,7.06,4.1,1.31,1.48,0.17,0.09
797493,215186,Yihu Yang,Meizhou Hakka,Defensor,35,18,1248,6.56,0,2,2,0,0.68,1.6,17,3,11,3,16,524,74.43,13,25,15,79,29,3,69,97,14,25,2,0,1,0.0,0.14,0.14,0.05,0.12,1.23,0.22,1.15,0.94,1.8,1.08,5.7,4.98,1.01,1.8,0.14,0.0
1129455,510603,Su Yuliang,Shenzhen Juniors FC,Delantero,21,15,529,6.56,1,0,1,0,2.03,0.03,12,6,4,0,2,89,82.02,5,3,2,15,2,2,39,56,15,16,1,0,0,0.17,0.0,0.17,0.35,0.01,2.04,1.02,0.34,0.85,0.51,0.34,2.55,6.64,2.55,2.72,0.17,0.0
1087114,382025,Dezhi Duan,Yanbian Longding,Defensor,24,21,1414,6.56,0,1,1,0,0.21,0.04,3,0,2,1,2,733,84.45,2,8,7,85,60,1,60,80,15,21,0,0,0,0.0,0.06,0.06,0.01,0.0,0.19,0.0,0.13,0.13,0.51,0.45,5.41,3.82,0.95,1.34,0.0,0.0
1046531,251278,Ling Jie,Nantong Zhiyun,Mediocampista,23,13,510,6.56,0,0,0,0,0.73,0.55,13,6,3,1,7,136,64.71,8,8,3,24,3,4,44,68,21,25,2,1,0,0.0,0.0,0.0,0.13,0.1,2.29,1.06,1.24,1.41,1.41,0.53,4.24,7.76,3.71,4.41,0.35,0.18
1867509,164044,Binhan Wang,Suzhou Dongwu,Delantero,21,14,358,6.56,1,1,2,0,1.88,0.12,8,3,3,2,4,43,67.44,4,5,2,10,4,2,24,46,6,7,2,0,0,0.25,0.25,0.5,0.47,0.03,2.01,0.75,1.01,1.01,1.26,0.5,2.51,6.03,1.51,1.76,0.5,0.0
1876975,508178,Shiming Liu,Dalian Kuncheng City,Defensor,21,15,893,6.56,1,0,1,0,0.24,0.08,5,3,1,0,1,309,77.99,0,10,8,26,35,1,38,52,9,26,1,0,0,0.1,0.0,0.1,0.02,0.01,0.5,0.3,0.1,0.0,1.01,0.81,2.62,3.83,0.91,2.62,0.1,0.0
927264,508178,Peng Yan,Dalian Kuncheng City,Delantero,31,7,276,6.56,0,0,0,0,1.12,0.41,9,3,5,1,4,52,76.92,0,1,0,7,2,1,11,29,8,8,0,0,0,0.0,0.0,0.0,0.37,0.13,2.93,0.98,1.3,0.0,0.33,0.0,2.28,3.59,2.61,2.61,0.0,0.0
920408,369494,Le Liu,Nanjing City,Defensor,37,18,1442,6.56,0,0,0,0,0.78,0.49,7,2,3,0,9,449,73.94,4,20,26,71,39,2,64,69,17,23,3,1,0,0.0,0.0,0.0,0.05,0.03,0.44,0.12,0.56,0.25,1.25,1.62,4.43,3.99,1.06,1.44,0.19,0.06
1123426,215186,Wai-Lim Yu,Meizhou Hakka,Defensor,27,9,734,6.56,0,0,0,0,0.16,0.05,3,1,2,0,0,285,82.46,0,15,11,20,46,0,25,20,4,10,3,0,1,0.0,0.0,0.0,0.02,0.01,0.37,0.12,0.0,0.0,1.84,1.35,2.45,3.07,0.49,1.23,0.37,0.0
2501103,251278,Zhiheng Zhou,Nantong Zhiyun,Defensor,20,9,330,6.56,0,0,0,0,0.0,0.07,0,0,0,0,0,66,66.67,4,2,2,13,5,0,14,34,5,10,2,0,0,0.0,0.0,0.0,0.0,0.02,0.0,0.0,0.0,1.09,0.55,0.55,3.55,3.82,1.36,2.73,0.55,0.0
1087132,508178,Kun Lü,Dalian Kuncheng City,Defensor,23,20,1633,6.55,0,4,4,0,0.46,2.25,12,1,8,2,16,467,69.81,8,24,11,88,39,3,73,107,24,29,2,0,0,0.0,0.22,0.22,0.03,0.12,0.66,0.06,0.88,0.44,1.32,0.61,4.85,4.02,1.32,1.6,0.11,0.0
1068529,215186,Jianxiang Sun,Meizhou Hakka,Portero,26,12,1080,6.55,0,0,0,0,,0.01,0,0,0,0,0,273,52.38,1,0,0,89,24,0,9,2,8,1,1,0,0,0.0,0.0,0.0,,0.0,0.0,0.0,0.0,0.08,0.0,0.0,7.42,0.75,0.67,0.08,0.08,0.0
840884,251278,Weicheng Liu,Nantong Zhiyun,Mediocampista,28,13,290,6.55,0,0,0,0,0.03,0.22,1,0,1,0,1,108,79.63,0,4,4,11,6,0,16,11,5,7,1,0,0,0.0,0.0,0.0,0.01,0.07,0.31,0.0,0.31,0.0,1.24,1.24,3.41,4.97,1.55,2.17,0.31,0.0
834795,164044,Qiang Jin,Suzhou Dongwu,Defensor,33,17,1232,6.55,1,0,1,0,0.16,0.04,2,1,1,0,0,465,85.59,1,12,5,36,36,0,30,31,5,14,2,0,0,0.07,0.0,0.07,0.01,0.0,0.15,0.07,0.0,0.07,0.88,0.37,2.63,2.19,0.37,1.02,0.15,0.0
1115242,196341,Yujie Zhang,Jiangxi Dingnan United,Defensor,24,8,592,6.54,0,0,0,0,0.03,0.21,2,0,2,0,4,131,70.99,0,9,6,13,17,0,14,17,4,5,0,0,0,0.0,0.0,0.0,0.0,0.03,0.3,0.0,0.61,0.0,1.37,0.91,1.98,2.13,0.61,0.76,0.0,0.0
1541097,382020,Kaining Dong,Wuxi Wugou,Mediocampista,26,12,537,6.54,0,1,1,0,0.15,0.03,3,2,0,1,3,149,84.56,0,9,9,33,6,1,20,59,2,23,5,0,0,0.0,0.17,0.17,0.03,0.01,0.5,0.34,0.5,0.0,1.51,1.51,5.53,3.35,0.34,3.85,0.84,0.0
1121225,369494,Shewketjan Tayir,Nanjing City,Defensor,25,10,752,6.54,0,0,0,0,0.2,0.13,4,1,3,0,3,268,74.25,3,5,10,28,41,0,31,26,6,15,2,1,0,0.0,0.0,0.0,0.02,0.02,0.48,0.12,0.36,0.36,0.6,1.2,3.35,3.71,0.72,1.8,0.24,0.12
2115507,510603,Zhicheng Wang,Shenzhen Juniors FC,Mediocampista,20,9,335,6.54,0,0,0,0,0.18,0.09,3,1,2,0,1,79,70.89,7,1,7,14,8,0,18,31,7,7,0,0,0,0.0,0.0,0.0,0.05,0.02,0.81,0.27,0.27,1.88,0.27,1.88,3.76,4.84,1.88,1.88,0.0,0.0
1123339,251278,Remi Dujardin,Nantong Zhiyun,Mediocampista,29,8,376,6.54,0,0,0,0,0.02,0.04,1,0,1,0,1,135,78.52,0,2,9,19,21,0,13,22,2,11,2,0,0,0.0,0.0,0.0,0.0,0.01,0.24,0.0,0.24,0.0,0.48,2.15,4.55,3.11,0.48,2.63,0.48,0.0
1215952,382024,Liu Baiyang,Shijiazhuang Gongfu,Mediocampista,23,17,703,6.54,0,0,0,0,1.81,0.85,14,4,6,1,5,206,72.33,12,7,6,22,5,4,37,45,10,17,0,0,0,0.0,0.0,0.0,0.23,0.11,1.79,0.51,0.64,1.54,0.9,0.77,2.82,4.74,1.28,2.18,0.0,0.0
2115612,196341,Su Gao,Jiangxi Dingnan United,Mediocampista,21,9,546,6.53,0,1,1,0,0.39,0.25,11,3,5,0,5,233,78.97,2,11,2,17,7,3,21,24,5,15,0,0,0,0.0,0.16,0.16,0.06,0.04,1.81,0.49,0.82,0.33,1.81,0.33,2.8,3.46,0.82,2.47,0.0,0.0
1403407,369494,Rongjun Xiang,Nanjing City,Defensor,22,11,296,6.53,0,0,0,0,0.0,0.03,1,0,1,0,2,88,64.77,0,2,2,10,9,0,7,12,4,6,0,0,0,0.0,0.0,0.0,0.0,0.01,0.3,0.0,0.61,0.0,0.61,0.61,3.04,2.13,1.22,1.82,0.0,0.0
1867526,164044,Ghenifa Arafat,Suzhou Dongwu,Delantero,22,19,1177,6.53,0,0,0,0,1.38,0.53,16,7,2,2,11,209,70.81,13,17,8,55,10,7,58,118,5,18,2,0,0,0.0,0.0,0.0,0.11,0.04,1.22,0.54,0.84,0.99,1.3,0.61,4.21,4.44,0.38,1.38,0.15,0.0
2217050,382025,Runhao Li,Yanbian Longding,Mediocampista,20,7,184,6.53,0,0,0,0,0.0,0.13,0,0,0,0,2,42,69.05,3,0,0,14,9,0,13,21,4,8,0,0,0,0.0,0.0,0.0,0.0,0.06,0.0,0.0,0.98,1.47,0.0,0.0,6.85,6.36,1.96,3.91,0.0,0.0
1126416,508178,Dongdong Xu,Dalian Kuncheng City,Defensor,24,18,1051,6.53,0,0,0,0,0.64,0.89,10,1,6,1,8,293,66.21,8,18,9,51,21,3,54,67,16,16,4,0,0,0.0,0.0,0.0,0.05,0.08,0.86,0.09,0.69,0.69,1.54,0.77,4.37,4.62,1.37,1.37,0.34,0.0
2501141,215186,Enqi Zhang,Meizhou Hakka,Mediocampista,18,11,268,6.53,1,0,1,0,0.77,0.06,6,2,2,0,2,71,71.83,2,2,0,11,5,2,9,20,1,7,0,0,0,0.34,0.0,0.34,0.26,0.02,2.01,0.67,0.67,0.67,0.67,0.0,3.69,3.02,0.34,2.35,0.0,0.0
1114871,510603,Sun Qinhan,Shenzhen Juniors FC,Defensor,26,20,1756,6.53,0,0,0,0,0.0,0.63,0,0,0,1,8,638,85.42,6,18,13,72,39,0,63,93,21,25,1,0,1,0.0,0.0,0.0,0.0,0.03,0.0,0.0,0.41,0.31,0.92,0.67,3.69,3.23,1.08,1.28,0.05,0.0
2074887,369494,Bang An,Nanjing City,Mediocampista,21,15,463,6.52,0,0,0,0,0.78,0.03,7,1,3,0,2,81,64.2,12,6,3,15,8,3,29,37,6,7,1,0,0,0.0,0.0,0.0,0.15,0.01,1.36,0.19,0.39,2.33,1.17,0.58,2.92,5.64,1.17,1.36,0.19,0.0
1804532,34694,Boxi Jing,Changchun Yatai,Defensor,20,18,1285,6.52,0,0,0,0,0.06,0.26,1,0,1,0,2,617,88.82,2,10,12,61,57,0,46,56,15,20,3,0,0,0.0,0.0,0.0,0.0,0.02,0.07,0.0,0.14,0.14,0.7,0.84,4.27,3.22,1.05,1.4,0.21,0.0
2165330,508366,Nicholas Benavides,Foshan Nanshi,Defensor,24,19,1206,6.52,3,0,3,0,1.11,0.52,18,7,7,1,9,332,64.46,8,15,6,33,36,4,41,34,11,16,2,0,0,0.22,0.0,0.22,0.08,0.04,1.34,0.52,0.67,0.6,1.12,0.45,2.46,3.06,0.82,1.19,0.15,0.0
1215959,196341,Hu Jiajin,Jiangxi Dingnan United,Mediocampista,21,10,662,6.52,0,1,1,0,0.42,0.35,8,1,5,0,8,156,77.56,1,6,2,16,7,2,16,21,7,7,2,0,0,0.0,0.14,0.14,0.06,0.05,1.09,0.14,1.09,0.14,0.82,0.27,2.18,2.18,0.95,0.95,0.27,0.0
2585036,382025,Che Zeping,Yanbian Longding,Defensor,21,5,280,6.52,0,0,0,0,,0.01,0,0,0,0,0,153,83.66,0,4,2,7,25,0,16,13,4,7,0,0,0,0.0,0.0,0.0,,0.0,0.0,0.0,0.0,0.0,1.29,0.64,2.25,5.14,1.29,2.25,0.0,0.0
1804301,196341,Hao Yucheng,Jiangxi Dingnan United,Defensor,21,21,1118,6.52,1,0,1,0,0.3,0.38,9,2,6,1,5,371,71.7,9,16,13,56,23,1,46,91,8,27,4,0,0,0.08,0.0,0.08,0.02,0.03,0.72,0.16,0.4,0.72,1.29,1.05,4.51,3.7,0.64,2.17,0.32,0.0
1867618,382025,Yanheng Qu,Yanbian Longding,Delantero,19,12,318,6.52,0,0,0,0,0.59,0.11,8,3,4,0,1,61,68.85,2,1,2,5,1,1,11,17,5,4,0,0,0,0.0,0.0,0.0,0.17,0.03,2.26,0.85,0.28,0.57,0.28,0.57,1.42,3.11,1.42,1.13,0.0,0.0
2501139,215186,Jiahao Liang,Meizhou Hakka,Defensor,20,8,252,6.51,0,1,1,0,0.32,0.27,2,1,1,0,2,81,61.73,4,4,4,20,7,0,21,25,1,4,1,0,0,0.0,0.36,0.36,0.11,0.1,0.71,0.36,0.71,1.43,1.43,1.43,7.14,7.5,0.36,1.43,0.36,0.0
1046283,215186,Hu Haoran,Meizhou Hakka,Portero,26,7,630,6.51,0,0,0,0,0.0,0.0,0,0,0,0,0,111,78.38,0,1,5,34,3,0,3,2,1,1,1,0,0,0.0,0.0,0.0,0.0,0.0,0.0,0.0,0.0,0.0,0.14,0.71,4.86,0.43,0.14,0.14,0.14,0.0
1090438,510605,Kun Liang,Guangxi Hengchen FC,Portero,22,14,1260,6.51,0,0,0,0,0.0,0.0,0,0,0,0,0,318,80.19,0,1,2,71,21,0,8,2,6,1,1,0,0,0.0,0.0,0.0,0.0,0.0,0.0,0.0,0.0,0.0,0.07,0.14,5.07,0.57,0.43,0.07,0.07,0.0
871776,508366,Huan Liu,Foshan Nanshi,Defensor,37,19,1710,6.51,2,0,2,0,1.32,0.18,10,4,5,0,3,678,80.97,1,11,20,118,62,1,56,69,15,12,5,0,0,0.11,0.0,0.11,0.07,0.01,0.53,0.21,0.16,0.05,0.58,1.05,6.21,2.95,0.79,0.63,0.26,0.0
831233,369494,Jinghang Hu,Nanjing City,Delantero,29,12,645,6.5,0,0,0,0,0.53,0.13,7,2,3,0,7,166,81.93,2,2,3,14,3,2,37,50,18,16,1,0,0,0.0,0.0,0.0,0.07,0.02,0.98,0.28,0.98,0.28,0.28,0.42,1.95,5.16,2.51,2.23,0.14,0.0
2052703,510605,Zhaozhi Zhang,Guangxi Hengchen FC,Defensor,22,11,320,6.5,0,0,0,0,0.01,0.02,1,0,1,0,0,118,75.42,0,5,2,13,5,0,10,33,2,7,1,0,0,0.0,0.0,0.0,0.0,0.01,0.28,0.0,0.0,0.0,1.41,0.56,3.66,2.81,0.56,1.97,0.28,0.0
2084773,508366,Zhiqin Jiang,Foshan Nanshi,Defensor,18,7,397,6.49,0,1,1,0,0.05,0.33,1,0,1,0,6,151,84.11,5,4,2,15,12,0,16,11,2,6,0,0,0,0.0,0.23,0.23,0.01,0.07,0.23,0.0,1.36,1.13,0.91,0.45,3.4,3.63,0.45,1.36,0.0,0.0
1210251,382020,Gao Jingchun,Wuxi Wugou,Mediocampista,22,9,346,6.49,0,0,0,0,0.03,0.04,2,0,2,0,4,96,66.67,5,4,2,21,1,0,24,50,4,9,0,0,0,0.0,0.0,0.0,0.01,0.01,0.52,0.0,1.04,1.3,1.04,0.52,5.46,6.24,1.04,2.34,0.0,0.0
933232,34694,Zhiyu Yan,Changchun Yatai,Defensor,33,6,246,6.48,0,0,0,0,0.0,0.0,0,0,0,0,0,97,73.2,2,1,3,20,7,0,11,22,3,6,1,0,0,0.0,0.0,0.0,0.0,0.0,0.0,0.0,0.0,0.73,0.37,1.1,7.32,4.02,1.1,2.2,0.37,0.0
797566,34694,Fan Yi,Changchun Yatai,Portero,34,14,1260,6.48,0,0,0,0,,0.04,0,0,0,0,0,320,56.25,0,0,0,116,13,0,3,2,3,1,0,0,0,0.0,0.0,0.0,,0.0,0.0,0.0,0.0,0.0,0.0,0.0,8.29,0.21,0.21,0.07,0.0,0.0
790824,508366,Feiya Chang,Foshan Nanshi,Mediocampista,33,11,393,6.47,0,0,0,0,0.06,0.1,2,1,1,0,2,97,78.35,2,1,1,11,5,0,10,17,4,8,1,0,0,0.0,0.0,0.0,0.01,0.02,0.46,0.23,0.46,0.46,0.23,0.23,2.52,2.29,0.92,1.83,0.23,0.0
1867567,508366,Kunda Han,Foshan Nanshi,Mediocampista,21,9,368,6.47,0,0,0,0,0.21,0.03,1,1,0,0,1,78,67.95,0,0,5,21,6,0,8,27,3,4,1,0,0,0.0,0.0,0.0,0.05,0.01,0.24,0.24,0.24,0.0,0.0,1.22,5.14,1.96,0.73,0.98,0.24,0.0
2112290,215186,Zhanlin Wen,Meizhou Hakka,Defensor,18,18,817,6.46,0,0,0,0,0.02,0.59,1,0,1,1,8,228,73.68,4,11,10,27,18,0,28,38,3,15,3,0,0,0.0,0.0,0.0,0.0,0.06,0.11,0.0,0.88,0.44,1.21,1.1,2.97,3.08,0.33,1.65,0.33,0.0
991528,510605,Zhang Jianzhi,Guangxi Hengchen FC,Portero,26,4,360,6.45,0,0,0,0,,0.01,0,0,0,0,0,118,60.17,0,0,0,26,12,0,3,0,0,0,0,0,0,0.0,0.0,0.0,,0.0,0.0,0.0,0.0,0.0,0.0,0.0,6.5,0.75,0.0,0.0,0.0,0.0
1515854,510603,Weiqi Chen,Shenzhen Juniors FC,Delantero,24,8,226,6.44,0,0,0,0,0.01,0.35,2,1,0,0,1,42,80.95,2,0,1,10,0,1,5,26,4,7,1,0,0,0.0,0.0,0.0,0.0,0.14,0.8,0.4,0.4,0.8,0.0,0.4,3.98,1.99,1.59,2.79,0.4,0.0
1867588,508366,Ruiyue Li,Foshan Nanshi,Mediocampista,20,11,542,6.44,0,0,0,0,0.37,0.28,3,0,1,0,2,223,80.27,0,3,7,36,8,2,24,29,6,7,3,0,0,0.0,0.0,0.0,0.06,0.05,0.5,0.0,0.33,0.0,0.5,1.16,5.98,3.99,1.0,1.16,0.5,0.0
987360,164044,Jiansheng Zhang,Suzhou Dongwu,Defensor,26,11,486,6.44,0,1,1,0,0.05,0.07,3,0,2,0,1,128,51.56,2,3,8,31,17,1,14,32,5,10,1,0,0,0.0,0.19,0.19,0.01,0.01,0.56,0.0,0.19,0.37,0.56,1.48,5.74,2.59,0.93,1.85,0.19,0.0
932318,510602,Wen Junjie,Shaanxi Union FC,Defensor,29,17,905,6.43,0,0,0,0,0.01,0.41,1,0,1,0,1,351,79.2,1,5,12,70,41,0,30,60,1,18,4,0,0,0.0,0.0,0.0,0.0,0.04,0.1,0.0,0.1,0.1,0.5,1.19,6.96,2.98,0.1,1.79,0.4,0.0
1655873,196341,Du Junpeng,Jiangxi Dingnan United,Defensor,35,15,919,6.43,0,2,2,0,0.09,0.46,2,0,1,3,8,352,80.4,1,10,14,34,39,1,27,28,8,7,0,0,0,0.0,0.2,0.2,0.01,0.05,0.2,0.0,0.78,0.1,0.98,1.37,3.33,2.64,0.78,0.69,0.0,0.0
2114498,508366,Bowen Yin,Foshan Nanshi,Mediocampista,19,14,554,6.43,0,0,0,0,0.35,0.29,7,0,5,1,6,148,73.65,2,6,3,28,13,2,18,47,5,11,2,0,0,0.0,0.0,0.0,0.06,0.05,1.14,0.0,0.97,0.32,0.97,0.49,4.55,2.92,0.81,1.79,0.32,0.0
1580914,382025,Wenguang Xu,Yanbian Longding,Defensor,22,12,376,6.43,0,0,0,0,0.19,0.04,3,2,1,0,1,127,75.59,1,6,4,8,3,0,15,28,1,9,0,0,0,0.0,0.0,0.0,0.05,0.01,0.72,0.48,0.24,0.24,1.44,0.96,1.91,3.59,0.24,2.15,0.0,0.0
887769,508366,Yumiao Qian,Foshan Nanshi,Defensor,28,21,1256,6.42,1,0,1,0,0.41,0.9,3,1,2,0,2,453,77.48,3,12,13,71,33,0,37,74,6,25,6,0,0,0.07,0.0,0.07,0.03,0.06,0.21,0.07,0.14,0.21,0.86,0.93,5.09,2.65,0.43,1.79,0.43,0.0
1395019,508366,Huang Yonghai,Foshan Nanshi,Delantero,21,5,340,6.42,0,0,0,0,0.35,0.07,2,0,2,0,1,155,85.81,0,6,4,3,15,0,9,7,2,3,2,0,0,0.0,0.0,0.0,0.09,0.02,0.53,0.0,0.26,0.0,1.59,1.06,0.79,2.38,0.53,0.79,0.53,0.0
2114625,382020,Junjie Meng,Wuxi Wugou,Mediocampista,25,9,355,6.41,0,0,0,0,0.47,0.09,2,1,1,0,3,94,71.28,4,1,0,13,2,0,12,24,3,10,0,0,0,0.0,0.0,0.0,0.12,0.02,0.51,0.25,0.76,1.01,0.25,0.0,3.3,3.04,0.76,2.54,0.0,0.0
1215862,215186,Jiajun Liao,Meizhou Hakka,Defensor,23,18,1177,6.41,0,0,0,0,0.16,0.26,1,1,0,1,6,383,75.46,3,26,10,58,30,0,80,105,24,23,3,0,0,0.0,0.0,0.0,0.01,0.02,0.08,0.08,0.46,0.23,1.99,0.76,4.44,6.12,1.84,1.76,0.23,0.0
1528090,196341,Yetong Cheng,Jiangxi Dingnan United,Defensor,26,14,550,6.39,0,0,0,0,0.0,0.15,0,0,0,0,4,181,83.43,2,7,6,19,18,0,20,31,7,6,1,0,0,0.0,0.0,0.0,0.0,0.02,0.0,0.0,0.65,0.33,1.15,0.98,3.11,3.27,1.15,0.98,0.16,0.0
1867615,251278,Xuran Nie,Nantong Zhiyun,Portero,29,3,188,6.37,0,0,0,0,,0.0,0,0,0,0,0,33,69.7,0,0,0,18,0,0,1,0,0,0,0,0,0,0.0,0.0,0.0,,0.0,0.0,0.0,0.0,0.0,0.0,0.0,8.62,0.48,0.0,0.0,0.0,0.0
1867577,196341,Mingxin Zhu,Jiangxi Dingnan United,Defensor,27,7,208,6.34,0,0,0,0,0.02,0.01,1,0,1,0,0,72,75.0,0,1,3,7,4,0,7,11,2,10,0,0,0,0.0,0.0,0.0,0.01,0.0,0.43,0.0,0.0,0.0,0.43,1.3,3.03,3.03,0.87,4.33,0.0,0.0
2501077,34694,Houtai Fan,Changchun Yatai,Mediocampista,21,14,1260,6.34,0,1,1,0,0.23,0.55,6,2,1,0,9,371,75.2,3,8,5,38,17,3,23,33,9,14,3,0,1,0.0,0.07,0.07,0.02,0.04,0.43,0.14,0.64,0.21,0.57,0.36,2.71,1.64,0.64,1.0,0.21,0.0
1991583,508366,Guizhe Yu,Foshan Nanshi,Defensor,21,3,210,6.33,0,0,0,0,,0.0,0,0,0,0,0,66,78.79,0,1,1,3,16,0,5,5,0,0,0,0,0,0.0,0.0,0.0,,0.0,0.0,0.0,0.0,0.0,0.43,0.43,1.29,2.14,0.0,0.0,0.0,0.0
873089,510603,Jiajun Huang,Shenzhen Juniors FC,Defensor,31,4,266,6.28,1,0,1,0,0.64,0.03,4,3,1,0,1,170,92.94,0,2,3,12,15,0,5,9,0,4,1,0,1,0.34,0.0,0.34,0.22,0.01,1.35,1.02,0.34,0.0,0.68,1.02,4.06,1.69,0.0,1.35,0.34,0.0
1392353,34694,Guoliang Sun,Changchun Yatai,Defensor,35,8,355,6.26,0,0,0,0,0.0,0.03,0,0,0,0,0,149,84.56,0,4,3,8,12,0,10,13,2,8,2,1,0,0.0,0.0,0.0,0.0,0.01,0.0,0.0,0.0,0.0,1.01,0.76,2.03,2.54,0.51,2.03,0.51,0.25
1087151,510605,Subi Ablimit,Guangxi Hengchen FC,Mediocampista,24,8,254,6.26,0,0,0,0,0.0,0.01,0,0,0,0,0,95,77.89,0,4,3,5,16,0,11,15,0,7,1,0,0,0.0,0.0,0.0,0.0,0.0,0.0,0.0,0.0,0.0,1.42,1.06,1.77,3.9,0.0,2.48,0.35,0.0
991521,510603,Chen Yuhao,Shenzhen Juniors FC,Defensor,24,5,405,6.24,0,0,0,0,0.02,0.11,1,0,0,0,1,203,84.24,0,1,2,13,7,1,5,13,3,4,1,0,0,0.0,0.0,0.0,0.0,0.02,0.22,0.0,0.22,0.0,0.22,0.44,2.89,1.11,0.67,0.89,0.22,0.0
928255,382020,Boyang Liu,Wuxi Wugou,Defensor,29,6,262,6.23,0,0,0,0,0.02,0.01,1,0,1,0,0,94,72.34,0,1,4,21,8,0,9,21,1,5,0,0,0,0.0,0.0,0.0,0.01,0.0,0.34,0.0,0.0,0.0,0.34,1.37,7.21,3.09,0.34,1.72,0.0,0.0
2501078,34694,Kaile Du,Changchun Yatai,Defensor,19,7,405,6.2,0,0,0,0,0.02,0.13,1,0,1,0,3,125,77.6,0,5,1,9,5,0,9,19,3,6,1,0,0,0.0,0.0,0.0,0.0,0.03,0.22,0.0,0.67,0.0,1.11,0.22,2.0,2.0,0.67,1.33,0.22,0.0
2058300,508366,Yifan Ge,Foshan Nanshi,Portero,21,5,450,6.04,0,0,0,0,,0.01,0,0,0,0,0,103,55.34,0,0,0,34,11,0,2,0,1,0,1,0,0,0.0,0.0,0.0,,0.0,0.0,0.0,0.0,0.0,0.0,0.0,6.8,0.4,0.2,0.0,0.2,0.0
